{
    "crs": {
        "type": "name", 
        "properties": {
            "name": "urn:ogc:def:crs:EPSG::5179"
        }
    }, 
    "totalFeatures": 1, 
    "type": "FeatureCollection", 
    "features": [
        {
            "geometry": {
                "type": "MultiPolygon", 
                "coordinates": [
                    [
                        [
                            [
                                914873.6851, 
                                1808044.8013
                            ], 
                            [
                                914861.2027, 
                                1808031.1551
                            ], 
                            [
                                914855.7411, 
                                1808033.0347
                            ], 
                            [
                                914868.2237, 
                                1808046.6809
                            ], 
                            [
                                914873.6851, 
                                1808044.8013
                            ]
                        ]
                    ]
                ]
            }, 
            "properties": {
                "arrfcmt_se": "RFM003", 
                "arrfcph_se": "TPR001", 
                "bsnm_error_dc": null, 
                "error_dc": null, 
                "nf_id": "TRN0600000003HE8J", 
                "obchg_dt": null, 
                "artfcty_se": "PGR004", 
                "arrfckd_se": "PGR001", 
                "obchg_se": "OCS001", 
                "arrfc_nm": "이름없음", 
                "ogc_fid": 208389, 
                "rsreg_dt": null
            }, 
            "type": "Feature", 
            "id": "tn_arrfc.208389", 
            "geometry_name": "object_gt"
        }
    ]
}