{
    "crs": {
        "type": "name", 
        "properties": {
            "name": "urn:ogc:def:crs:EPSG::5179"
        }
    }, 
    "totalFeatures": 2, 
    "type": "FeatureCollection", 
    "features": [
        {
            "geometry": {
                "type": "MultiPolygon", 
                "coordinates": [
                    [
                        [
                            [
                                919330.5203, 
                                1810024.4757
                            ], 
                            [
                                919326.1531, 
                                1810022.0439
                            ], 
                            [
                                919324.9379, 
                                1810024.2275
                            ], 
                            [
                                919329.3049, 
                                1810026.6593
                            ], 
                            [
                                919330.5203, 
                                1810024.4757
                            ]
                        ]
                    ]
                ]
            }, 
            "properties": {
                "thins_se": "IVS001", 
                "confmer_id": null, 
                "process_sttus_se": "RSS001", 
                "conpr_at_se": "CAS000", 
                "loins_se": "IVS001", 
                "updt_bsns_se": "UBS002", 
                "updt_bsns_yy": "2018", 
                "lcins_se": "IVS001", 
                "return_resn_dc": null, 
                "updt_bsns_nm": "품질검사검증", 
                "change_sn": 1, 
                "nf_id": "TRN0600000003HEJU", 
                "arrfc_nm": "이름없음", 
                "arrfckd_se": "PGR001", 
                "obchg_se": "OCS003", 
                "tiins_se": "IVS001", 
                "arrfcmt_se": "RFM003", 
                "arrfcph_se": "TPR001", 
                "obchg_dt": "2018-05-04T04:00:00Z", 
                "change_info_id": "QI_00446424", 
                "mnent_nm": "gaia3d", 
                "dbreg_dt": null, 
                "artfcty_se": "PGR004", 
                "inins_se": "IVS001", 
                "rsreg_dt": "2018-05-10T04:00:00Z"
            }, 
            "type": "Feature", 
            "id": "tn_arrfc_change.QI_00446424.1", 
            "geometry_name": "object_gt"
        }, 
        {
            "geometry": {
                "type": "MultiPolygon", 
                "coordinates": [
                    [
                        [
                            [
                                918933.81601889, 
                                1809501.15394334
                            ], 
                            [
                                918689.94961889, 
                                1809017.05354334
                            ], 
                            [
                                918686.37821889, 
                                1809018.85334334
                            ], 
                            [
                                918930.24441889, 
                                1809502.95374334
                            ], 
                            [
                                918933.81601889, 
                                1809501.15394334
                            ]
                        ]
                    ]
                ]
            }, 
            "properties": {
                "thins_se": "IVS001", 
                "confmer_id": null, 
                "process_sttus_se": "RSS001", 
                "conpr_at_se": "CAS000", 
                "loins_se": "IVS001", 
                "updt_bsns_se": "UBS002", 
                "updt_bsns_yy": "2018", 
                "lcins_se": "IVS001", 
                "return_resn_dc": null, 
                "updt_bsns_nm": "품질검사검증", 
                "change_sn": 1, 
                "nf_id": "TRN0600000004U5CS", 
                "arrfc_nm": "사현터널", 
                "arrfckd_se": "PGR010", 
                "obchg_se": "OCS003", 
                "tiins_se": "IVS001", 
                "arrfcmt_se": "RFM999", 
                "arrfcph_se": "TPR004", 
                "obchg_dt": "2018-05-04T04:00:00Z", 
                "change_info_id": "QI_00446423", 
                "mnent_nm": "gaia3d", 
                "dbreg_dt": null, 
                "artfcty_se": "PGR009", 
                "inins_se": "IVS001", 
                "rsreg_dt": "2018-05-10T04:00:00Z"
            }, 
            "type": "Feature", 
            "id": "tn_arrfc_change.QI_00446423.1", 
            "geometry_name": "object_gt"
        }
    ]
}