{
    "crs": {
        "type": "name", 
        "properties": {
            "name": "urn:ogc:def:crs:EPSG::5179"
        }
    }, 
    "totalFeatures": 36, 
    "type": "FeatureCollection", 
    "features": [
        {
            "geometry": {
                "type": "Point", 
                "coordinates": [
                    914624.3045, 
                    1807469.8815
                ]
            }, 
            "properties": {
                "bsnm_error_dc": null, 
                "nf_id": "TPG0300000020C1FV", 
                "obchg_dt": null, 
                "error_dc": null, 
                "obchg_se": "OCS001", 
                "ogc_fid": 3374835, 
                "rsreg_dt": null, 
                "alpt_hg": 3.81
            }, 
            "type": "Feature", 
            "id": "tn_alpt.3374835", 
            "geometry_name": "object_gt"
        }, 
        {
            "geometry": {
                "type": "Point", 
                "coordinates": [
                    914623.6127, 
                    1807787.3085
                ]
            }, 
            "properties": {
                "bsnm_error_dc": null, 
                "nf_id": "TPG0300000020C23K", 
                "obchg_dt": null, 
                "error_dc": null, 
                "obchg_se": "OCS001", 
                "ogc_fid": 3374859, 
                "rsreg_dt": null, 
                "alpt_hg": 8.46
            }, 
            "type": "Feature", 
            "id": "tn_alpt.3374859", 
            "geometry_name": "object_gt"
        }, 
        {
            "geometry": {
                "type": "Point", 
                "coordinates": [
                    914654.5035, 
                    1807807.3325
                ]
            }, 
            "properties": {
                "bsnm_error_dc": null, 
                "nf_id": "TPG0300000020C2EV", 
                "obchg_dt": null, 
                "error_dc": null, 
                "obchg_se": "OCS001", 
                "ogc_fid": 3374870, 
                "rsreg_dt": null, 
                "alpt_hg": 5.11
            }, 
            "type": "Feature", 
            "id": "tn_alpt.3374870", 
            "geometry_name": "object_gt"
        }, 
        {
            "geometry": {
                "type": "Point", 
                "coordinates": [
                    914629.9735, 
                    1807377.4935
                ]
            }, 
            "properties": {
                "bsnm_error_dc": null, 
                "nf_id": "TPG0300000020C2FW", 
                "obchg_dt": null, 
                "error_dc": null, 
                "obchg_se": "OCS001", 
                "ogc_fid": 3374871, 
                "rsreg_dt": null, 
                "alpt_hg": 5.1
            }, 
            "type": "Feature", 
            "id": "tn_alpt.3374871", 
            "geometry_name": "object_gt"
        }, 
        {
            "geometry": {
                "type": "Point", 
                "coordinates": [
                    914634.0375, 
                    1807582.4385
                ]
            }, 
            "properties": {
                "bsnm_error_dc": null, 
                "nf_id": "TPG0300000020C2GX", 
                "obchg_dt": null, 
                "error_dc": null, 
                "obchg_se": "OCS001", 
                "ogc_fid": 3374872, 
                "rsreg_dt": null, 
                "alpt_hg": 5.24
            }, 
            "type": "Feature", 
            "id": "tn_alpt.3374872", 
            "geometry_name": "object_gt"
        }, 
        {
            "geometry": {
                "type": "Point", 
                "coordinates": [
                    914642.0969, 
                    1807937.3713
                ]
            }, 
            "properties": {
                "bsnm_error_dc": null, 
                "nf_id": "TPG0300000020C2HY", 
                "obchg_dt": null, 
                "error_dc": null, 
                "obchg_se": "OCS001", 
                "ogc_fid": 3374873, 
                "rsreg_dt": null, 
                "alpt_hg": 5.46
            }, 
            "type": "Feature", 
            "id": "tn_alpt.3374873", 
            "geometry_name": "object_gt"
        }, 
        {
            "geometry": {
                "type": "Point", 
                "coordinates": [
                    914642.5547, 
                    1807734.8063
                ]
            }, 
            "properties": {
                "bsnm_error_dc": null, 
                "nf_id": "TPG0300000020C2IZ", 
                "obchg_dt": null, 
                "error_dc": null, 
                "obchg_se": "OCS001", 
                "ogc_fid": 3374874, 
                "rsreg_dt": null, 
                "alpt_hg": 8.68
            }, 
            "type": "Feature", 
            "id": "tn_alpt.3374874", 
            "geometry_name": "object_gt"
        }, 
        {
            "geometry": {
                "type": "Point", 
                "coordinates": [
                    914636.1271, 
                    1807671.7415
                ]
            }, 
            "properties": {
                "bsnm_error_dc": null, 
                "nf_id": "TPG0300000020C2J0", 
                "obchg_dt": null, 
                "error_dc": null, 
                "obchg_se": "OCS001", 
                "ogc_fid": 3374875, 
                "rsreg_dt": null, 
                "alpt_hg": 10.1
            }, 
            "type": "Feature", 
            "id": "tn_alpt.3374875", 
            "geometry_name": "object_gt"
        }, 
        {
            "geometry": {
                "type": "Point", 
                "coordinates": [
                    914691.5911, 
                    1807375.5789
                ]
            }, 
            "properties": {
                "bsnm_error_dc": null, 
                "nf_id": "TPG0300000020FH43", 
                "obchg_dt": null, 
                "error_dc": null, 
                "obchg_se": "OCS001", 
                "ogc_fid": 3379288, 
                "rsreg_dt": null, 
                "alpt_hg": 3.68
            }, 
            "type": "Feature", 
            "id": "tn_alpt.3379288", 
            "geometry_name": "object_gt"
        }, 
        {
            "geometry": {
                "type": "Point", 
                "coordinates": [
                    914738.6977, 
                    1807615.2387
                ]
            }, 
            "properties": {
                "bsnm_error_dc": null, 
                "nf_id": "TPG0300000020FH54", 
                "obchg_dt": null, 
                "error_dc": null, 
                "obchg_se": "OCS001", 
                "ogc_fid": 3379289, 
                "rsreg_dt": null, 
                "alpt_hg": 3.81
            }, 
            "type": "Feature", 
            "id": "tn_alpt.3379289", 
            "geometry_name": "object_gt"
        }, 
        {
            "geometry": {
                "type": "Point", 
                "coordinates": [
                    914688.6869, 
                    1807847.4923
                ]
            }, 
            "properties": {
                "bsnm_error_dc": null, 
                "nf_id": "TPG0300000020FIMM", 
                "obchg_dt": null, 
                "error_dc": null, 
                "obchg_se": "OCS001", 
                "ogc_fid": 3379342, 
                "rsreg_dt": null, 
                "alpt_hg": 6.49
            }, 
            "type": "Feature", 
            "id": "tn_alpt.3379342", 
            "geometry_name": "object_gt"
        }, 
        {
            "geometry": {
                "type": "Point", 
                "coordinates": [
                    914691.0869, 
                    1807996.9455
                ]
            }, 
            "properties": {
                "bsnm_error_dc": null, 
                "nf_id": "TPG0300000020FINN", 
                "obchg_dt": null, 
                "error_dc": null, 
                "obchg_se": "OCS001", 
                "ogc_fid": 3379343, 
                "rsreg_dt": null, 
                "alpt_hg": 7.23
            }, 
            "type": "Feature", 
            "id": "tn_alpt.3379343", 
            "geometry_name": "object_gt"
        }, 
        {
            "geometry": {
                "type": "Point", 
                "coordinates": [
                    914778.2689, 
                    1807750.3705
                ]
            }, 
            "properties": {
                "bsnm_error_dc": null, 
                "nf_id": "TPG0300000020FIOO", 
                "obchg_dt": null, 
                "error_dc": null, 
                "obchg_se": "OCS001", 
                "ogc_fid": 3379344, 
                "rsreg_dt": null, 
                "alpt_hg": 6.48
            }, 
            "type": "Feature", 
            "id": "tn_alpt.3379344", 
            "geometry_name": "object_gt"
        }, 
        {
            "geometry": {
                "type": "Point", 
                "coordinates": [
                    914850.3007, 
                    1807911.5903
                ]
            }, 
            "properties": {
                "bsnm_error_dc": null, 
                "nf_id": "TPG0300000020FIRR", 
                "obchg_dt": null, 
                "error_dc": null, 
                "obchg_se": "OCS001", 
                "ogc_fid": 3379347, 
                "rsreg_dt": null, 
                "alpt_hg": 6.46
            }, 
            "type": "Feature", 
            "id": "tn_alpt.3379347", 
            "geometry_name": "object_gt"
        }, 
        {
            "geometry": {
                "type": "Point", 
                "coordinates": [
                    914700.8463, 
                    1807660.4769
                ]
            }, 
            "properties": {
                "bsnm_error_dc": null, 
                "nf_id": "TPG0300000020FITT", 
                "obchg_dt": null, 
                "error_dc": null, 
                "obchg_se": "OCS001", 
                "ogc_fid": 3379349, 
                "rsreg_dt": null, 
                "alpt_hg": 5.43
            }, 
            "type": "Feature", 
            "id": "tn_alpt.3379349", 
            "geometry_name": "object_gt"
        }, 
        {
            "geometry": {
                "type": "Point", 
                "coordinates": [
                    914898.7843, 
                    1808077.7423
                ]
            }, 
            "properties": {
                "bsnm_error_dc": null, 
                "nf_id": "TPG0300000020FIUU", 
                "obchg_dt": null, 
                "error_dc": null, 
                "obchg_se": "OCS001", 
                "ogc_fid": 3379350, 
                "rsreg_dt": null, 
                "alpt_hg": 5.13
            }, 
            "type": "Feature", 
            "id": "tn_alpt.3379350", 
            "geometry_name": "object_gt"
        }, 
        {
            "geometry": {
                "type": "Point", 
                "coordinates": [
                    914849.3499, 
                    1808021.9593
                ]
            }, 
            "properties": {
                "bsnm_error_dc": null, 
                "nf_id": "TPG0300000020FIVV", 
                "obchg_dt": null, 
                "error_dc": null, 
                "obchg_se": "OCS001", 
                "ogc_fid": 3379351, 
                "rsreg_dt": null, 
                "alpt_hg": 5.06
            }, 
            "type": "Feature", 
            "id": "tn_alpt.3379351", 
            "geometry_name": "object_gt"
        }, 
        {
            "geometry": {
                "type": "Point", 
                "coordinates": [
                    914756.6879, 
                    1807454.4609
                ]
            }, 
            "properties": {
                "bsnm_error_dc": null, 
                "nf_id": "TPG0300000020FIWW", 
                "obchg_dt": null, 
                "error_dc": null, 
                "obchg_se": "OCS001", 
                "ogc_fid": 3379352, 
                "rsreg_dt": null, 
                "alpt_hg": 4.91
            }, 
            "type": "Feature", 
            "id": "tn_alpt.3379352", 
            "geometry_name": "object_gt"
        }, 
        {
            "geometry": {
                "type": "Point", 
                "coordinates": [
                    914864.4733, 
                    1808038.8177
                ]
            }, 
            "properties": {
                "bsnm_error_dc": null, 
                "nf_id": "TPG0300000020FIXX", 
                "obchg_dt": null, 
                "error_dc": null, 
                "obchg_se": "OCS001", 
                "ogc_fid": 3379353, 
                "rsreg_dt": null, 
                "alpt_hg": 4.83
            }, 
            "type": "Feature", 
            "id": "tn_alpt.3379353", 
            "geometry_name": "object_gt"
        }, 
        {
            "geometry": {
                "type": "Point", 
                "coordinates": [
                    914871.1287, 
                    1807872.5801
                ]
            }, 
            "properties": {
                "bsnm_error_dc": null, 
                "nf_id": "TPG0300000020FIYY", 
                "obchg_dt": null, 
                "error_dc": null, 
                "obchg_se": "OCS001", 
                "ogc_fid": 3379354, 
                "rsreg_dt": null, 
                "alpt_hg": 7.05
            }, 
            "type": "Feature", 
            "id": "tn_alpt.3379354", 
            "geometry_name": "object_gt"
        }, 
        {
            "geometry": {
                "type": "Point", 
                "coordinates": [
                    914870.8273, 
                    1807580.6823
                ]
            }, 
            "properties": {
                "bsnm_error_dc": null, 
                "nf_id": "TPG0300000020FIZZ", 
                "obchg_dt": null, 
                "error_dc": null, 
                "obchg_se": "OCS001", 
                "ogc_fid": 3379355, 
                "rsreg_dt": null, 
                "alpt_hg": 7.28
            }, 
            "type": "Feature", 
            "id": "tn_alpt.3379355", 
            "geometry_name": "object_gt"
        }, 
        {
            "geometry": {
                "type": "Point", 
                "coordinates": [
                    914800.9759, 
                    1807697.1351
                ]
            }, 
            "properties": {
                "bsnm_error_dc": null, 
                "nf_id": "TPG0300000020FJ01", 
                "obchg_dt": null, 
                "error_dc": null, 
                "obchg_se": "OCS001", 
                "ogc_fid": 3379356, 
                "rsreg_dt": null, 
                "alpt_hg": 6.92
            }, 
            "type": "Feature", 
            "id": "tn_alpt.3379356", 
            "geometry_name": "object_gt"
        }, 
        {
            "geometry": {
                "type": "Point", 
                "coordinates": [
                    914696.5269, 
                    1807970.3379
                ]
            }, 
            "properties": {
                "bsnm_error_dc": null, 
                "nf_id": "TPG0300000020FJ12", 
                "obchg_dt": null, 
                "error_dc": null, 
                "obchg_se": "OCS001", 
                "ogc_fid": 3379357, 
                "rsreg_dt": null, 
                "alpt_hg": 6.92
            }, 
            "type": "Feature", 
            "id": "tn_alpt.3379357", 
            "geometry_name": "object_gt"
        }, 
        {
            "geometry": {
                "type": "Point", 
                "coordinates": [
                    914799.5255, 
                    1807429.5205
                ]
            }, 
            "properties": {
                "bsnm_error_dc": null, 
                "nf_id": "TPG0300000020FJ23", 
                "obchg_dt": null, 
                "error_dc": null, 
                "obchg_se": "OCS001", 
                "ogc_fid": 3379358, 
                "rsreg_dt": null, 
                "alpt_hg": 6.89
            }, 
            "type": "Feature", 
            "id": "tn_alpt.3379358", 
            "geometry_name": "object_gt"
        }, 
        {
            "geometry": {
                "type": "Point", 
                "coordinates": [
                    914865.7019, 
                    1807695.8983
                ]
            }, 
            "properties": {
                "bsnm_error_dc": null, 
                "nf_id": "TPG0300000020FJ34", 
                "obchg_dt": null, 
                "error_dc": null, 
                "obchg_se": "OCS001", 
                "ogc_fid": 3379359, 
                "rsreg_dt": null, 
                "alpt_hg": 6.91
            }, 
            "type": "Feature", 
            "id": "tn_alpt.3379359", 
            "geometry_name": "object_gt"
        }, 
        {
            "geometry": {
                "type": "Point", 
                "coordinates": [
                    914932.9129, 
                    1807518.7435
                ]
            }, 
            "properties": {
                "bsnm_error_dc": null, 
                "nf_id": "TPG0300000020FJ89", 
                "obchg_dt": null, 
                "error_dc": null, 
                "obchg_se": "OCS001", 
                "ogc_fid": 3379364, 
                "rsreg_dt": null, 
                "alpt_hg": 7.61
            }, 
            "type": "Feature", 
            "id": "tn_alpt.3379364", 
            "geometry_name": "object_gt"
        }, 
        {
            "geometry": {
                "type": "Point", 
                "coordinates": [
                    914676.1865, 
                    1807744.0217
                ]
            }, 
            "properties": {
                "bsnm_error_dc": null, 
                "nf_id": "TPG0300000020FJDE", 
                "obchg_dt": null, 
                "error_dc": null, 
                "obchg_se": "OCS001", 
                "ogc_fid": 3379369, 
                "rsreg_dt": null, 
                "alpt_hg": 6.32
            }, 
            "type": "Feature", 
            "id": "tn_alpt.3379369", 
            "geometry_name": "object_gt"
        }, 
        {
            "geometry": {
                "type": "Point", 
                "coordinates": [
                    914904.2913, 
                    1807786.4563
                ]
            }, 
            "properties": {
                "bsnm_error_dc": null, 
                "nf_id": "TPG0300000020FLY1", 
                "obchg_dt": null, 
                "error_dc": null, 
                "obchg_se": "OCS001", 
                "ogc_fid": 3379462, 
                "rsreg_dt": null, 
                "alpt_hg": 12.54
            }, 
            "type": "Feature", 
            "id": "tn_alpt.3379462", 
            "geometry_name": "object_gt"
        }, 
        {
            "geometry": {
                "type": "Point", 
                "coordinates": [
                    914754.9317, 
                    1807926.4391
                ]
            }, 
            "properties": {
                "bsnm_error_dc": null, 
                "nf_id": "TPG0300000020FLZ2", 
                "obchg_dt": null, 
                "error_dc": null, 
                "obchg_se": "OCS001", 
                "ogc_fid": 3379463, 
                "rsreg_dt": null, 
                "alpt_hg": 12.21
            }, 
            "type": "Feature", 
            "id": "tn_alpt.3379463", 
            "geometry_name": "object_gt"
        }, 
        {
            "geometry": {
                "type": "Point", 
                "coordinates": [
                    914910.4795, 
                    1807661.7589
                ]
            }, 
            "properties": {
                "bsnm_error_dc": null, 
                "nf_id": "TPG0300000020FM04", 
                "obchg_dt": null, 
                "error_dc": null, 
                "obchg_se": "OCS001", 
                "ogc_fid": 3379464, 
                "rsreg_dt": null, 
                "alpt_hg": 12.48
            }, 
            "type": "Feature", 
            "id": "tn_alpt.3379464", 
            "geometry_name": "object_gt"
        }, 
        {
            "geometry": {
                "type": "Point", 
                "coordinates": [
                    914921.2983, 
                    1807679.4465
                ]
            }, 
            "properties": {
                "bsnm_error_dc": null, 
                "nf_id": "TPG0300000020FM15", 
                "obchg_dt": null, 
                "error_dc": null, 
                "obchg_se": "OCS001", 
                "ogc_fid": 3379465, 
                "rsreg_dt": null, 
                "alpt_hg": 14.58
            }, 
            "type": "Feature", 
            "id": "tn_alpt.3379465", 
            "geometry_name": "object_gt"
        }, 
        {
            "geometry": {
                "type": "Point", 
                "coordinates": [
                    914800.1509, 
                    1807850.6357
                ]
            }, 
            "properties": {
                "bsnm_error_dc": null, 
                "nf_id": "TPG0300000020FM37", 
                "obchg_dt": null, 
                "error_dc": null, 
                "obchg_se": "OCS001", 
                "ogc_fid": 3379467, 
                "rsreg_dt": null, 
                "alpt_hg": 17.46
            }, 
            "type": "Feature", 
            "id": "tn_alpt.3379467", 
            "geometry_name": "object_gt"
        }, 
        {
            "geometry": {
                "type": "Point", 
                "coordinates": [
                    914795.1717, 
                    1807999.9809
                ]
            }, 
            "properties": {
                "bsnm_error_dc": null, 
                "nf_id": "TPG0300000020FNLQ", 
                "obchg_dt": null, 
                "error_dc": null, 
                "obchg_se": "OCS001", 
                "ogc_fid": 3379521, 
                "rsreg_dt": null, 
                "alpt_hg": 24.48
            }, 
            "type": "Feature", 
            "id": "tn_alpt.3379521", 
            "geometry_name": "object_gt"
        }, 
        {
            "geometry": {
                "type": "Point", 
                "coordinates": [
                    914735.1549, 
                    1808043.7791
                ]
            }, 
            "properties": {
                "bsnm_error_dc": null, 
                "nf_id": "TPG0300000020FNMR", 
                "obchg_dt": null, 
                "error_dc": null, 
                "obchg_se": "OCS001", 
                "ogc_fid": 3379522, 
                "rsreg_dt": null, 
                "alpt_hg": 23.72
            }, 
            "type": "Feature", 
            "id": "tn_alpt.3379522", 
            "geometry_name": "object_gt"
        }, 
        {
            "geometry": {
                "type": "Point", 
                "coordinates": [
                    914790.9835, 
                    1807834.5181
                ]
            }, 
            "properties": {
                "bsnm_error_dc": null, 
                "nf_id": "TPG0300000020FNOT", 
                "obchg_dt": null, 
                "error_dc": null, 
                "obchg_se": "OCS001", 
                "ogc_fid": 3379524, 
                "rsreg_dt": null, 
                "alpt_hg": 18.13
            }, 
            "type": "Feature", 
            "id": "tn_alpt.3379524", 
            "geometry_name": "object_gt"
        }, 
        {
            "geometry": {
                "type": "Point", 
                "coordinates": [
                    914668.2921, 
                    1808082.7189
                ]
            }, 
            "properties": {
                "bsnm_error_dc": null, 
                "nf_id": "TPG0300000020FNPU", 
                "obchg_dt": null, 
                "error_dc": null, 
                "obchg_se": "OCS001", 
                "ogc_fid": 3379525, 
                "rsreg_dt": null, 
                "alpt_hg": 19.17
            }, 
            "type": "Feature", 
            "id": "tn_alpt.3379525", 
            "geometry_name": "object_gt"
        }
    ]
}