{
    "crs": {
        "type": "name", 
        "properties": {
            "name": "urn:ogc:def:crs:EPSG::5179"
        }
    }, 
    "totalFeatures": 1, 
    "type": "FeatureCollection", 
    "features": [
        {
            "geometry": {
                "type": "Point", 
                "coordinates": [
                    914850.3007, 
                    1807911.5903
                ]
            }, 
            "properties": {
                "confmer_id": null, 
                "lcins_se": "IVS001", 
                "change_sn": 1, 
                "thins_se": "IVS001", 
                "loins_se": "IVS001", 
                "nf_id": "TPG0300000020FIRR", 
                "updt_bsns_yy": "2018", 
                "obchg_dt": "2018-03-04T05:00:00Z", 
                "change_info_id": "QI_00446403", 
                "return_resn_dc": null, 
                "conpr_at_se": "CAS000", 
                "updt_bsns_se": "UBS002", 
                "process_sttus_se": "RSS001", 
                "updt_bsns_nm": "품질검사검증", 
                "dbreg_dt": null, 
                "obchg_se": "OCS004", 
                "mnent_nm": "gaia3d", 
                "inins_se": "IVS001", 
                "rsreg_dt": "2018-05-04T04:00:00Z", 
                "tiins_se": "IVS001", 
                "alpt_hg": 2000
            }, 
            "type": "Feature", 
            "id": "tn_alpt_change.QI_00446403.1", 
            "geometry_name": "object_gt"
        }
    ]
}