{
    "crs": {
        "type": "name", 
        "properties": {
            "name": "urn:ogc:def:crs:EPSG::5179"
        }
    }, 
    "totalFeatures": 2, 
    "type": "FeatureCollection", 
    "features": [
        {
            "geometry": {
                "type": "MultiPolygon", 
                "coordinates": [
                    [
                        [
                            [
                                914880.89069986, 
                                1807943.86810017
                            ], 
                            [
                                914878.53849983, 
                                1807942.13089991
                            ], 
                            [
                                914877.2189002, 
                                1807943.70809984
                            ], 
                            [
                                914879.70069981, 
                                1807945.55870008
                            ], 
                            [
                                914880.89069986, 
                                1807943.86810017
                            ]
                        ]
                    ]
                ]
            }, 
            "properties": {
                "confmer_id": null, 
                "lcins_se": "IVS001", 
                "vtn_se": "FLD002", 
                "thins_se": "IVS001", 
                "loins_se": "IVS001", 
                "nf_id": "VGT010000001OM34N", 
                "updt_bsns_yy": "2018", 
                "obchg_dt": "2018-05-04T04:00:00Z", 
                "change_info_id": "QI_00446415", 
                "return_resn_dc": null, 
                "updt_bsns_se": "UBS002", 
                "process_sttus_se": "RSS001", 
                "updt_bsns_nm": "품질검사검증", 
                "dbreg_dt": null, 
                "obchg_se": "OCS004", 
                "mnent_nm": "gaia3d", 
                "inins_se": "IVS001", 
                "rsreg_dt": "2018-05-10T04:00:00Z", 
                "tiins_se": "IVS001", 
                "conpr_at_se": "CAS000", 
                "change_sn": 1
            }, 
            "type": "Feature", 
            "id": "tn_fmlnd_bndry_change.QI_00446415.1", 
            "geometry_name": "object_gt"
        }, 
        {
            "geometry": {
                "type": "MultiPolygon", 
                "coordinates": [
                    [
                        [
                            [
                                914891.7189002, 
                                1807940.69029999
                            ], 
                            [
                                914891.86789989, 
                                1807940.12470007
                            ], 
                            [
                                914891.8755002, 
                                1807939.87970018
                            ], 
                            [
                                914891.75409985, 
                                1807939.59630013
                            ], 
                            [
                                914891.52209997, 
                                1807939.39169979
                            ], 
                            [
                                914891.11850023, 
                                1807939.24569988
                            ], 
                            [
                                914890.56449986, 
                                1807939.19269991
                            ], 
                            [
                                914890.23169994, 
                                1807939.21729994
                            ], 
                            [
                                914888.11189985, 
                                1807940.09609985
                            ], 
                            [
                                914887.49849987, 
                                1807940.37809992
                            ], 
                            [
                                914887.03849983, 
                                1807940.52050018
                            ], 
                            [
                                914886.63990021, 
                                1807940.57350016
                            ], 
                            [
                                914886.31269979, 
                                1807940.55009985
                            ], 
                            [
                                914886.03730011, 
                                1807940.45469999
                            ], 
                            [
                                914885.78350019, 
                                1807940.2480998
                            ], 
                            [
                                914884.73129988, 
                                1807938.60389996
                            ], 
                            [
                                914884.23089981, 
                                1807937.7349
                            ], 
                            [
                                914879.27449989, 
                                1807927.2887001
                            ], 
                            [
                                914878.52549982, 
                                1807925.68209982
                            ], 
                            [
                                914877.78509998, 
                                1807923.82849979
                            ], 
                            [
                                914877.31090021, 
                                1807922.77729988
                            ], 
                            [
                                914876.77589989, 
                                1807921.79930019
                            ], 
                            [
                                914876.34070015, 
                                1807921.15390015
                            ], 
                            [
                                914875.88430023, 
                                1807920.62830019
                            ], 
                            [
                                914875.41109991, 
                                1807920.20190001
                            ], 
                            [
                                914874.91769981, 
                                1807919.86749983
                            ], 
                            [
                                914874.38749981, 
                                1807919.61250019
                            ], 
                            [
                                914873.81470013, 
                                1807919.43650007
                            ], 
                            [
                                914872.97349978, 
                                1807919.3348999
                            ], 
                            [
                                914870.72889996, 
                                1807919.28849983
                            ], 
                            [
                                914869.67929983, 
                                1807919.30989981
                            ], 
                            [
                                914869.1388998, 
                                1807919.37650013
                            ], 
                            [
                                914868.50409985, 
                                1807919.57989979
                            ], 
                            [
                                914868.0875001, 
                                1807919.81489992
                            ], 
                            [
                                914867.76130009, 
                                1807920.13250017
                            ], 
                            [
                                914867.50229979, 
                                1807920.50969982
                            ], 
                            [
                                914867.2888999, 
                                1807921.18849993
                            ], 
                            [
                                914867.06869984, 
                                1807922.68130016
                            ], 
                            [
                                914866.71309996, 
                                1807927.01870012
                            ], 
                            [
                                914867.59709978, 
                                1807932.49130011
                            ], 
                            [
                                914867.58269978, 
                                1807938.01170015
                            ], 
                            [
                                914867.59989977, 
                                1807939.43209982
                            ], 
                            [
                                914867.75969982, 
                                1807941.50470018
                            ], 
                            [
                                914867.93830013, 
                                1807943.02129984
                            ], 
                            [
                                914868.13390017, 
                                1807944.11390018
                            ], 
                            [
                                914868.33470011, 
                                1807944.85570002
                            ], 
                            [
                                914868.68909979, 
                                1807945.72749996
                            ], 
                            [
                                914869.00710011, 
                                1807946.3137002
                            ], 
                            [
                                914869.62209988, 
                                1807947.1243
                            ], 
                            [
                                914870.1257, 
                                1807947.66349983
                            ], 
                            [
                                914870.64470005, 
                                1807948.07969999
                            ], 
                            [
                                914871.39349985, 
                                1807948.49770021
                            ], 
                            [
                                914872.27829981, 
                                1807948.86709976
                            ], 
                            [
                                914873.39470005, 
                                1807949.21010017
                            ], 
                            [
                                914874.67670012, 
                                1807949.50750017
                            ], 
                            [
                                914876.48269987, 
                                1807949.79510021
                            ], 
                            [
                                914878.13409996, 
                                1807949.97349978
                            ], 
                            [
                                914881.02790022, 
                                1807950.10349989
                            ], 
                            [
                                914883.76910019, 
                                1807950.13530016
                            ], 
                            [
                                914884.74569988, 
                                1807950.11630011
                            ], 
                            [
                                914885.40310001, 
                                1807950.03289986
                            ], 
                            [
                                914885.9861002, 
                                1807949.88390017
                            ], 
                            [
                                914886.61530018, 
                                1807949.55770016
                            ], 
                            [
                                914886.88710022, 
                                1807949.36149979
                            ], 
                            [
                                914887.88969994, 
                                1807947.39989996
                            ], 
                            [
                                914888.55089998, 
                                1807945.92089987
                            ], 
                            [
                                914889.03669977, 
                                1807944.96969986
                            ], 
                            [
                                914890.89589977, 
                                1807942.01709986
                            ], 
                            [
                                914891.4612999, 
                                1807941.1704998
                            ], 
                            [
                                914891.7189002, 
                                1807940.69029999
                            ]
                        ], 
                        [
                            [
                                914879.70069981, 
                                1807945.55870008
                            ], 
                            [
                                914877.2189002, 
                                1807943.70809984
                            ], 
                            [
                                914878.53849983, 
                                1807942.13089991
                            ], 
                            [
                                914880.89069986, 
                                1807943.86810017
                            ], 
                            [
                                914879.70069981, 
                                1807945.55870008
                            ]
                        ]
                    ]
                ]
            }, 
            "properties": {
                "confmer_id": null, 
                "lcins_se": "IVS001", 
                "vtn_se": "FLD002", 
                "thins_se": "IVS001", 
                "loins_se": "IVS001", 
                "nf_id": "VGT010000001OM33M", 
                "updt_bsns_yy": "2018", 
                "obchg_dt": "2018-05-04T04:00:00Z", 
                "change_info_id": "QI_00446414", 
                "return_resn_dc": null, 
                "updt_bsns_se": "UBS002", 
                "process_sttus_se": "RSS001", 
                "updt_bsns_nm": "품질검사검증", 
                "dbreg_dt": null, 
                "obchg_se": "OCS004", 
                "mnent_nm": "gaia3d", 
                "inins_se": "IVS001", 
                "rsreg_dt": "2018-05-10T04:00:00Z", 
                "tiins_se": "IVS001", 
                "conpr_at_se": "CAS000", 
                "change_sn": 1
            }, 
            "type": "Feature", 
            "id": "tn_fmlnd_bndry_change.QI_00446414.1", 
            "geometry_name": "object_gt"
        }
    ]
}