{
    "crs": {
        "type": "name", 
        "properties": {
            "name": "urn:ogc:def:crs:EPSG::5179"
        }
    }, 
    "totalFeatures": 1, 
    "type": "FeatureCollection", 
    "features": [
        {
            "geometry": {
                "type": "MultiPolygon", 
                "coordinates": [
                    [
                        [
                            [
                                915007.8745, 
                                1807677.4559
                            ], 
                            [
                                915018.1037, 
                                1807664.2897
                            ], 
                            [
                                915013.4781, 
                                1807659.5247
                            ], 
                            [
                                915007.3459, 
                                1807655.1099
                            ], 
                            [
                                914998.8397, 
                                1807645.0943
                            ], 
                            [
                                914998.5234, 
                                1807644.7433
                            ], 
                            [
                                914999.169, 
                                1807644.0945
                            ], 
                            [
                                914990.8899, 
                                1807635.6209
                            ], 
                            [
                                914990.6043, 
                                1807635.9559
                            ], 
                            [
                                914988.0917, 
                                1807633.1677
                            ], 
                            [
                                914982.5323, 
                                1807636.7067
                            ], 
                            [
                                914950.6169, 
                                1807661.0411
                            ], 
                            [
                                914948.1543, 
                                1807665.1427
                            ], 
                            [
                                914964.8843, 
                                1807684.9501
                            ], 
                            [
                                914968.3731, 
                                1807684.8475
                            ], 
                            [
                                914974.6381, 
                                1807676.2899
                            ], 
                            [
                                914979.4531, 
                                1807673.1141
                            ], 
                            [
                                914990.7523, 
                                1807687.3853
                            ], 
                            [
                                914994.9877, 
                                1807692.0039
                            ], 
                            [
                                914995.5579, 
                                1807692.0789
                            ], 
                            [
                                914996.0739, 
                                1807692.1033
                            ], 
                            [
                                914998.5389, 
                                1807690.1211
                            ], 
                            [
                                915007.8745, 
                                1807677.4559
                            ]
                        ]
                    ]
                ]
            }, 
            "properties": {
                "bsnm_error_dc": null, 
                "error_dc": null, 
                "nf_id": "ARB0400000001ZLFG", 
                "fzonbn_se": "RLF001", 
                "obchg_dt": null, 
                "fzon_nm": "월전교회", 
                "obchg_se": "OCS001", 
                "ogc_fid": 92787, 
                "rsreg_dt": null
            }, 
            "type": "Feature", 
            "id": "tn_fclty_zone_bndry.92787", 
            "geometry_name": "object_gt"
        }
    ]
}