{
    "crs": {
        "type": "name", 
        "properties": {
            "name": "urn:ogc:def:crs:EPSG::5179"
        }
    }, 
    "totalFeatures": 2, 
    "type": "FeatureCollection", 
    "features": [
        {
            "geometry": {
                "type": "MultiLineString", 
                "coordinates": [
                    [
                        [
                            914322.2461, 
                            1807483.6279
                        ], 
                        [
                            914321.9441, 
                            1807483.2055
                        ], 
                        [
                            914321.9113, 
                            1807482.8739
                        ], 
                        [
                            914322.3285, 
                            1807482.1379
                        ], 
                        [
                            914323.4953, 
                            1807481.8131
                        ], 
                        [
                            914324.5253, 
                            1807482.2625
                        ], 
                        [
                            914325.2583, 
                            1807482.6837
                        ], 
                        [
                            914326.3935, 
                            1807483.3615
                        ], 
                        [
                            914328.4339, 
                            1807483.3811
                        ], 
                        [
                            914329.1961, 
                            1807482.8683
                        ], 
                        [
                            914329.9993, 
                            1807482.3793
                        ], 
                        [
                            914331.8233, 
                            1807482.3069
                        ], 
                        [
                            914332.4233, 
                            1807482.9125
                        ], 
                        [
                            914332.9627, 
                            1807483.8245
                        ], 
                        [
                            914333.2939, 
                            1807485.0225
                        ], 
                        [
                            914333.3479, 
                            1807487.3493
                        ], 
                        [
                            914333.3579, 
                            1807489.1207
                        ], 
                        [
                            914333.2011, 
                            1807490.0903
                        ], 
                        [
                            914332.5205, 
                            1807490.9035
                        ], 
                        [
                            914331.4959, 
                            1807491.2927
                        ], 
                        [
                            914326.3005, 
                            1807491.8903
                        ], 
                        [
                            914325.5503, 
                            1807491.7883
                        ], 
                        [
                            914324.7187, 
                            1807491.2337
                        ], 
                        [
                            914323.9197, 
                            1807490.2291
                        ], 
                        [
                            914323.3645, 
                            1807489.1763
                        ], 
                        [
                            914322.9761, 
                            1807487.9167
                        ], 
                        [
                            914322.9761, 
                            1807487.916705
                        ], 
                        [
                            914322.2461, 
                            1807483.6279
                        ]
                    ]
                ]
            }, 
            "properties": {
                "thins_se": "IVS001", 
                "confmer_id": null, 
                "process_sttus_se": "RSS001", 
                "lnpgr_lt": "37.45", 
                "conpr_at_se": "CAS000", 
                "loins_se": "IVS001", 
                "updt_bsns_se": "UBS002", 
                "updt_bsns_yy": "2018", 
                "lcins_se": "IVS001", 
                "return_resn_dc": null, 
                "updt_bsns_nm": "품질검사검증", 
                "lnpgr_hg": 0, 
                "change_sn": 1, 
                "nf_id": "TPG050000000C0SCJ", 
                "lnpgr_se": "LTG010", 
                "obchg_se": "OCS003", 
                "tiins_se": "IVS001", 
                "obchg_dt": "2018-03-04T05:00:00Z", 
                "change_info_id": "QI_00446411", 
                "mnent_nm": "gaia3d", 
                "dbreg_dt": null, 
                "inins_se": "IVS001", 
                "rsreg_dt": "2018-05-07T04:00:00Z"
            }, 
            "type": "Feature", 
            "id": "tn_lnpgr_change.QI_00446411.1", 
            "geometry_name": "object_gt"
        }, 
        {
            "geometry": {
                "type": "MultiLineString", 
                "coordinates": [
                    [
                        [
                            914124.9809, 
                            1807331.4677
                        ], 
                        [
                            914088.0567, 
                            1807355.8657
                        ], 
                        [
                            914088.0607, 
                            1807355.8657
                        ], 
                        [
                            914088.0607, 
                            1807354.8657
                        ]
                    ]
                ]
            }, 
            "properties": {
                "thins_se": "IVS001", 
                "confmer_id": null, 
                "process_sttus_se": "RSS001", 
                "lnpgr_lt": "44.26", 
                "conpr_at_se": "CAS000", 
                "loins_se": "IVS001", 
                "updt_bsns_se": "UBS002", 
                "updt_bsns_yy": "2018", 
                "lcins_se": "IVS001", 
                "return_resn_dc": null, 
                "updt_bsns_nm": "품질검사검증", 
                "lnpgr_hg": 1.5, 
                "change_sn": 1, 
                "nf_id": "TPG050000000BXUBG", 
                "lnpgr_se": "LTG005", 
                "obchg_se": "OCS003", 
                "tiins_se": "IVS001", 
                "obchg_dt": "2018-03-04T05:00:00Z", 
                "change_info_id": "QI_00446412", 
                "mnent_nm": "gaia3d", 
                "dbreg_dt": null, 
                "inins_se": "IVS001", 
                "rsreg_dt": "2018-05-08T04:00:00Z"
            }, 
            "type": "Feature", 
            "id": "tn_lnpgr_change.QI_00446412.1", 
            "geometry_name": "object_gt"
        }
    ]
}