{
    "crs": {
        "type": "name", 
        "properties": {
            "name": "urn:ogc:def:crs:EPSG::5179"
        }
    }, 
    "totalFeatures": 3, 
    "type": "FeatureCollection", 
    "features": [
        {
            "geometry": {
                "type": "MultiLineString", 
                "coordinates": [
                    [
                        [
                            914563.0931, 
                            1807541.7749
                        ], 
                        [
                            914566.3835, 
                            1807546.8831
                        ], 
                        [
                            914568.4509, 
                            1807549.0249
                        ], 
                        [
                            914575.9511, 
                            1807554.5843
                        ], 
                        [
                            914586.5397, 
                            1807562.6971
                        ], 
                        [
                            914605.7095, 
                            1807578.5611
                        ], 
                        [
                            914621.3151, 
                            1807593.9477
                        ], 
                        [
                            914634.6751, 
                            1807606.0217
                        ], 
                        [
                            914651.2781, 
                            1807620.5905
                        ], 
                        [
                            914661.8639, 
                            1807630.7045
                        ], 
                        [
                            914662.0577, 
                            1807630.8625
                        ]
                    ]
                ]
            }, 
            "properties": {
                "bsnm_error_dc": null, 
                "nf_id": "TPG050000000BLTG8", 
                "obchg_dt": "2017-12-31Z", 
                "obchg_se": "OCS001", 
                "lnpgr_se": "LTG003", 
                "error_dc": null, 
                "lnpgr_hg": 0, 
                "lnpgr_lt": 133.51, 
                "ogc_fid": 541492, 
                "rsreg_dt": "2018-04-17Z"
            }, 
            "type": "Feature", 
            "id": "tn_lnpgr.541492", 
            "geometry_name": "object_gt"
        }, 
        {
            "geometry": {
                "type": "MultiLineString", 
                "coordinates": [
                    [
                        [
                            914662.0577, 
                            1807630.8625
                        ], 
                        [
                            914663.0725, 
                            1807628.5571
                        ], 
                        [
                            914662.7829, 
                            1807627.6367
                        ], 
                        [
                            914662.3813, 
                            1807626.7241
                        ], 
                        [
                            914661.8191, 
                            1807626.0703
                        ], 
                        [
                            914652.7123, 
                            1807615.4877
                        ], 
                        [
                            914629.9433, 
                            1807591.0309
                        ], 
                        [
                            914612.2233, 
                            1807573.5071
                        ], 
                        [
                            914598.8493, 
                            1807562.8075
                        ], 
                        [
                            914580.5435, 
                            1807550.6719
                        ], 
                        [
                            914567.1573, 
                            1807542.8465
                        ], 
                        [
                            914565.0129, 
                            1807542.0459
                        ], 
                        [
                            914563.0931, 
                            1807541.7749
                        ]
                    ]
                ]
            }, 
            "properties": {
                "bsnm_error_dc": null, 
                "nf_id": "TPG050000000BP5LT", 
                "obchg_dt": "2017-12-31Z", 
                "obchg_se": "OCS001", 
                "lnpgr_se": "LTG004", 
                "error_dc": null, 
                "lnpgr_hg": 0, 
                "lnpgr_lt": 136.47, 
                "ogc_fid": 545817, 
                "rsreg_dt": "2018-04-17Z"
            }, 
            "type": "Feature", 
            "id": "tn_lnpgr.545817", 
            "geometry_name": "object_gt"
        }, 
        {
            "geometry": {
                "type": "MultiLineString", 
                "coordinates": [
                    [
                        [
                            914917.5497, 
                            1807799.1437
                        ], 
                        [
                            914909.0383, 
                            1807814.2569
                        ], 
                        [
                            914905.5249, 
                            1807821.5087
                        ], 
                        [
                            914900.9205, 
                            1807833.5327
                        ], 
                        [
                            914899.9251, 
                            1807836.6909
                        ], 
                        [
                            914899.2935, 
                            1807838.8555
                        ], 
                        [
                            914898.5113, 
                            1807842.2443
                        ], 
                        [
                            914898.2569, 
                            1807843.9011
                        ]
                    ]
                ]
            }, 
            "properties": {
                "bsnm_error_dc": null, 
                "nf_id": "TPG050000000BXTNR", 
                "obchg_dt": "2017-12-31Z", 
                "obchg_se": "OCS001", 
                "lnpgr_se": "LTG005", 
                "error_dc": null, 
                "lnpgr_hg": 1, 
                "lnpgr_lt": 49, 
                "ogc_fid": 557051, 
                "rsreg_dt": "2018-04-17Z"
            }, 
            "type": "Feature", 
            "id": "tn_lnpgr.557051", 
            "geometry_name": "object_gt"
        }
    ]
}