{
    "crs": {
        "type": "name", 
        "properties": {
            "name": "urn:ogc:def:crs:EPSG::5179"
        }
    }, 
    "totalFeatures": 1, 
    "type": "FeatureCollection", 
    "features": [
        {
            "geometry": {
                "type": "MultiPolygon", 
                "coordinates": [
                    [
                        [
                            [
                                914615.85556649, 
                                1807958.06244512
                            ], 
                            [
                                914615.34017723, 
                                1807954.12766456
                            ], 
                            [
                                914615.4125, 
                                1807954.0459
                            ], 
                            [
                                914615.9311, 
                                1807958.0599
                            ], 
                            [
                                914615.85556649, 
                                1807958.06244512
                            ]
                        ]
                    ]
                ]
            }, 
            "properties": {
                "confmer_id": null, 
                "refnf_id": "", 
                "lcins_se": "IVS001", 
                "change_sn": 1, 
                "thins_se": "IVS001", 
                "loins_se": "IVS001", 
                "nf_id": "", 
                "updt_bsns_yy": "2018", 
                "obchg_dt": "2018-05-04T04:00:00Z", 
                "change_info_id": "QI_00446425", 
                "return_resn_dc": null, 
                "updt_bsns_se": "UBS002", 
                "process_sttus_se": "RSS001", 
                "updt_bsns_nm": "품질검사검증", 
                "dbreg_dt": null, 
                "obchg_se": "OCS001", 
                "mnent_nm": "gaia3d", 
                "inins_se": "IVS001", 
                "rsreg_dt": "2018-05-10T04:00:00Z", 
                "tiins_se": "IVS001", 
                "conpr_at_se": "CAS000"
            }, 
            "type": "Feature", 
            "id": "tn_rodway_bndry_change.QI_00446425.1", 
            "geometry_name": "object_gt"
        }
    ]
}