{
    "crs": {
        "type": "name", 
        "properties": {
            "name": "urn:ogc:def:crs:EPSG::5179"
        }
    }, 
    "totalFeatures": 2, 
    "type": "FeatureCollection", 
    "features": [
        {
            "geometry": {
                "type": "MultiLineString", 
                "coordinates": [
                    [
                        [
                            920672.8865, 
                            1807451.8045
                        ], 
                        [
                            920701.2429, 
                            1807493.3495
                        ], 
                        [
                            920717.5537, 
                            1807513.9097
                        ], 
                        [
                            920722.5933, 
                            1807523.0347
                        ], 
                        [
                            920728.6709, 
                            1807539.8069
                        ], 
                        [
                            920733.1907, 
                            1807545.1079
                        ], 
                        [
                            920774.3021, 
                            1807583.7729
                        ], 
                        [
                            920790.9383, 
                            1807597.2397
                        ], 
                        [
                            920802.8817, 
                            1807613.3659
                        ], 
                        [
                            920813.8991, 
                            1807632.3207
                        ], 
                        [
                            920829.6421, 
                            1807661.0133
                        ], 
                        [
                            920831.2011, 
                            1807665.7635
                        ], 
                        [
                            920833.2969, 
                            1807685.2435
                        ], 
                        [
                            920835.5535, 
                            1807743.9617
                        ], 
                        [
                            920834.0519, 
                            1807755.7767
                        ], 
                        [
                            920828.9673, 
                            1807780.1111
                        ], 
                        [
                            920828.7133, 
                            1807799.2781
                        ], 
                        [
                            920831.0599, 
                            1807807.6733
                        ]
                    ]
                ]
            }, 
            "properties": {
                "thins_se": "IVS001", 
                "confmer_id": null, 
                "process_sttus_se": "RSS001", 
                "conpr_at_se": "CAS000", 
                "loins_se": "IVS001", 
                "updt_bsns_se": "UBS002", 
                "updt_bsns_yy": "2018", 
                "lcins_se": "IVS001", 
                "return_resn_dc": null, 
                "updt_bsns_nm": "품질검사검증", 
                "change_sn": 1, 
                "nf_id": "WTR0300000006UVV9", 
                "obchg_se": "OCS001", 
                "tiins_se": "IVS001", 
                "river_no": "0", 
                "river_nm": "소하천", 
                "obchg_dt": "2018-05-04T04:00:00Z", 
                "change_info_id": "QI_00446419", 
                "mnent_nm": "gaia3d", 
                "dbreg_dt": null, 
                "river_se": "RCD003", 
                "inins_se": "IVS001", 
                "rsreg_dt": "2018-05-10T04:00:00Z"
            }, 
            "type": "Feature", 
            "id": "tn_river_ctln_change.QI_00446419.1", 
            "geometry_name": "object_gt"
        }, 
        {
            "geometry": {
                "type": "MultiLineString", 
                "coordinates": [
                    [
                        [
                            920664.3601, 
                            1807438.1979
                        ], 
                        [
                            920670.9183, 
                            1807448.9205
                        ], 
                        [
                            920672.8865, 
                            1807451.8045
                        ]
                    ]
                ]
            }, 
            "properties": {
                "thins_se": "IVS001", 
                "confmer_id": null, 
                "process_sttus_se": "RSS001", 
                "conpr_at_se": "CAS000", 
                "loins_se": "IVS001", 
                "updt_bsns_se": "UBS002", 
                "updt_bsns_yy": "2018", 
                "lcins_se": "IVS001", 
                "return_resn_dc": null, 
                "updt_bsns_nm": "품질검사검증", 
                "change_sn": 1, 
                "nf_id": "WTR0300000006UWIX", 
                "obchg_se": "OCS001", 
                "tiins_se": "IVS001", 
                "river_no": "0", 
                "river_nm": "소하천", 
                "obchg_dt": "2018-05-04T04:00:00Z", 
                "change_info_id": "QI_00446420", 
                "mnent_nm": "gaia3d", 
                "dbreg_dt": null, 
                "river_se": "RCD002", 
                "inins_se": "IVS001", 
                "rsreg_dt": "2018-05-10T04:00:00Z"
            }, 
            "type": "Feature", 
            "id": "tn_river_ctln_change.QI_00446420.1", 
            "geometry_name": "object_gt"
        }
    ]
}