{
    "crs": {
        "type": "name", 
        "properties": {
            "name": "urn:ogc:def:crs:EPSG::5179"
        }
    }, 
    "totalFeatures": 8, 
    "type": "FeatureCollection", 
    "features": [
        {
            "geometry": {
                "type": "MultiLineString", 
                "coordinates": [
                    [
                        [
                            914781.36219978, 
                            1807879.97429991
                        ], 
                        [
                            914793.42539978, 
                            1807885.20340014
                        ], 
                        [
                            914797.96680021, 
                            1807887.3032999
                        ], 
                        [
                            914799.35239983, 
                            1807888.28480005
                        ], 
                        [
                            914800.48530006, 
                            1807889.67649984
                        ], 
                        [
                            914801.16860008, 
                            1807890.94560003
                        ], 
                        [
                            914802.89179993, 
                            1807894.97139978
                        ], 
                        [
                            914803.04269981, 
                            1807895.72440004
                        ], 
                        [
                            914803.51140022, 
                            1807897.83129978
                        ], 
                        [
                            914803.58820009, 
                            1807898.17280006
                        ], 
                        [
                            914803.76429987, 
                            1807899.38149977
                        ], 
                        [
                            914803.71579981, 
                            1807902.36880016
                        ], 
                        [
                            914803.66620016, 
                            1807902.63500023
                        ], 
                        [
                            914800.14550018, 
                            1807917.57940006
                        ], 
                        [
                            914796.47539997, 
                            1807932.83349991
                        ], 
                        [
                            914795.87860012, 
                            1807936.3125
                        ], 
                        [
                            914795.76039982, 
                            1807937.82060003
                        ], 
                        [
                            914795.76660013, 
                            1807938.44740009
                        ], 
                        [
                            914795.98150015, 
                            1807939.78690004
                        ], 
                        [
                            914796.19010019, 
                            1807941.26730013
                        ], 
                        [
                            914801.09280014, 
                            1807961.64849997
                        ], 
                        [
                            914801.10050011, 
                            1807962.18130016
                        ], 
                        [
                            914801.07520008, 
                            1807962.7112999
                        ], 
                        [
                            914800.29519987, 
                            1807967.4987998
                        ]
                    ]
                ]
            }, 
            "properties": {
                "road_se": "RDD010", 
                "thins_se": "IVS001", 
                "conpr_at_se": "CAS000", 
                "confmer_id": null, 
                "updt_bsns_nm": "품질검사검증", 
                "process_sttus_se": "RSS001", 
                "error_dc": null, 
                "cartrk_co": 1, 
                "road_nm": "조사대상아님", 
                "road_no": "조사대상아님", 
                "road_bt": 3, 
                "loins_se": "IVS001", 
                "updt_bsns_se": "UBS002", 
                "updt_bsns_yy": "2018", 
                "lcins_se": "IVS001", 
                "return_resn_dc": null, 
                "molit_ufid": "A0010000000PUJTKT", 
                "pmtr_se": "RDQ005", 
                "bsnm_error_dc": null, 
                "change_sn": 1, 
                "nf_id": "TRN010000003SXWQM", 
                "osps_se": "ITH002", 
                "obchg_se": "OCS004", 
                "tiins_se": "IVS001", 
                "mtrwy_se": "MOR001", 
                "edennc_at": "2", 
                "obchg_dt": "2018-03-04T05:00:00Z", 
                "change_info_id": "QI_00446401", 
                "mnent_nm": "gaia3d", 
                "dbreg_dt": null, 
                "inins_se": "IVS001", 
                "rsreg_dt": "2018-05-04T04:00:00Z"
            }, 
            "type": "Feature", 
            "id": "tn_rodway_ctln_change.QI_00446401.1", 
            "geometry_name": "object_gt"
        }, 
        {
            "geometry": {
                "type": "MultiLineString", 
                "coordinates": [
                    [
                        [
                            914779.11889982, 
                            1807879.00220013
                        ], 
                        [
                            914778.50839996, 
                            1807880.01709986
                        ], 
                        [
                            914770.27600002, 
                            1807894.35099983
                        ], 
                        [
                            914752.4375, 
                            1807931.30840015
                        ], 
                        [
                            914749.02710009, 
                            1807937.22419977
                        ], 
                        [
                            914745.7592001, 
                            1807942.07649994
                        ], 
                        [
                            914735.39769983, 
                            1807954.31409979
                        ], 
                        [
                            914727.47100019, 
                            1807959.68139982
                        ], 
                        [
                            914720.56629992, 
                            1807963.18889999
                        ], 
                        [
                            914716.8506999, 
                            1807964.78760004
                        ], 
                        [
                            914711.91620016, 
                            1807966.70650005
                        ], 
                        [
                            914704.82089996, 
                            1807968.73850012
                        ]
                    ]
                ]
            }, 
            "properties": {
                "road_se": "RDD006", 
                "thins_se": "IVS001", 
                "conpr_at_se": "CAS000", 
                "confmer_id": null, 
                "updt_bsns_nm": "품질검사검증", 
                "process_sttus_se": "RSS001", 
                "error_dc": null, 
                "cartrk_co": 0, 
                "road_nm": "조사대상아님", 
                "road_no": "조사대상아님", 
                "road_bt": 3, 
                "loins_se": "IVS001", 
                "updt_bsns_se": "UBS002", 
                "updt_bsns_yy": "2018", 
                "lcins_se": "IVS001", 
                "return_resn_dc": null, 
                "molit_ufid": "A0010000000IQYWYF", 
                "pmtr_se": "RDQ006", 
                "bsnm_error_dc": null, 
                "change_sn": 1, 
                "nf_id": "TRN010000003SZ19C", 
                "osps_se": "ITH002", 
                "obchg_se": "OCS004", 
                "tiins_se": "IVS001", 
                "mtrwy_se": "MOR001", 
                "edennc_at": "2", 
                "obchg_dt": "2018-03-04T05:00:00Z", 
                "change_info_id": "QI_00446404", 
                "mnent_nm": "gaia3d", 
                "dbreg_dt": null, 
                "inins_se": "IVS001", 
                "rsreg_dt": "2018-05-07T04:00:00Z"
            }, 
            "type": "Feature", 
            "id": "tn_rodway_ctln_change.QI_00446404.1", 
            "geometry_name": "object_gt"
        }, 
        {
            "geometry": {
                "type": "MultiLineString", 
                "coordinates": [
                    [
                        [
                            914945.52780008, 
                            1808085.94619989
                        ], 
                        [
                            914945.53053717, 
                            1808085.94608784
                        ]
                    ]
                ]
            }, 
            "properties": {
                "road_se": "RDD006", 
                "thins_se": "IVS001", 
                "conpr_at_se": "CAS000", 
                "confmer_id": null, 
                "updt_bsns_nm": "품질검사검증", 
                "process_sttus_se": "RSS001", 
                "error_dc": "정점중복선형 객체,짧은선형 객체", 
                "cartrk_co": 1, 
                "road_nm": "조사대상아님", 
                "road_no": "조사대상아님", 
                "road_bt": 3.3, 
                "loins_se": "IVS001", 
                "updt_bsns_se": "UBS002", 
                "updt_bsns_yy": "2018", 
                "lcins_se": "IVS001", 
                "return_resn_dc": null, 
                "molit_ufid": "A0010000000ETJ53B", 
                "pmtr_se": "RDQ005", 
                "bsnm_error_dc": "님오류 아님|예외 테스트", 
                "change_sn": 1, 
                "nf_id": "TRN010000003SYTMG", 
                "osps_se": "ITH002", 
                "obchg_se": "OCS003", 
                "tiins_se": "IVS001", 
                "mtrwy_se": "MOR001", 
                "edennc_at": "2", 
                "obchg_dt": "2018-03-04T05:00:00Z", 
                "change_info_id": "QI_00446408", 
                "mnent_nm": "gaia3d", 
                "dbreg_dt": null, 
                "inins_se": "IVS001", 
                "rsreg_dt": "2018-05-07T04:00:00Z"
            }, 
            "type": "Feature", 
            "id": "tn_rodway_ctln_change.QI_00446408.1", 
            "geometry_name": "object_gt"
        }, 
        {
            "geometry": {
                "type": "MultiLineString", 
                "coordinates": [
                    [
                        [
                            914913.47930002, 
                            1807767.84969997
                        ], 
                        [
                            914903.36689997, 
                            1807787.47970009
                        ]
                    ]
                ]
            }, 
            "properties": {
                "road_se": "RDD003", 
                "thins_se": "IVS001", 
                "conpr_at_se": "CAS000", 
                "confmer_id": null, 
                "updt_bsns_nm": "품질검사검증", 
                "process_sttus_se": "RSS001", 
                "error_dc": null, 
                "cartrk_co": 2, 
                "road_nm": "비인-대천선", 
                "road_no": "제607호", 
                "road_bt": 9, 
                "loins_se": "IVS001", 
                "updt_bsns_se": "UBS002", 
                "updt_bsns_yy": "2018", 
                "lcins_se": "IVS001", 
                "return_resn_dc": null, 
                "molit_ufid": "A0010000000L2481C", 
                "pmtr_se": "RDQ006", 
                "bsnm_error_dc": null, 
                "change_sn": 1, 
                "nf_id": "TRN010000003SY8V4", 
                "osps_se": "ITH002", 
                "obchg_se": "OCS001", 
                "tiins_se": "IVS001", 
                "mtrwy_se": "MOR001", 
                "edennc_at": "2", 
                "obchg_dt": "2018-05-04T04:00:00Z", 
                "change_info_id": "QI_00446416", 
                "mnent_nm": "gaia3d", 
                "dbreg_dt": null, 
                "inins_se": "IVS001", 
                "rsreg_dt": "2018-05-10T04:00:00Z"
            }, 
            "type": "Feature", 
            "id": "tn_rodway_ctln_change.QI_00446416.1", 
            "geometry_name": "object_gt"
        }, 
        {
            "geometry": {
                "type": "MultiLineString", 
                "coordinates": [
                    [
                        [
                            914913.47930002, 
                            1807767.84969997
                        ], 
                        [
                            914889.62410021, 
                            1807782.61619997
                        ]
                    ]
                ]
            }, 
            "properties": {
                "road_se": "RDD005", 
                "thins_se": "IVS001", 
                "conpr_at_se": "CAS000", 
                "confmer_id": null, 
                "updt_bsns_nm": "품질검사검증", 
                "process_sttus_se": "RSS001", 
                "error_dc": null, 
                "cartrk_co": 1, 
                "road_nm": "조사대상아님", 
                "road_no": "조사대상아님", 
                "road_bt": 3, 
                "loins_se": "IVS001", 
                "updt_bsns_se": "UBS002", 
                "updt_bsns_yy": "2018", 
                "lcins_se": "IVS001", 
                "return_resn_dc": null, 
                "molit_ufid": "A0010000000IRCP3Q", 
                "pmtr_se": "RDQ006", 
                "bsnm_error_dc": null, 
                "change_sn": 1, 
                "nf_id": "TRN010000003SXXHE", 
                "osps_se": "ITH002", 
                "obchg_se": "OCS001", 
                "tiins_se": "IVS001", 
                "mtrwy_se": "MOR001", 
                "edennc_at": "2", 
                "obchg_dt": "2018-05-04T04:00:00Z", 
                "change_info_id": "QI_00446417", 
                "mnent_nm": "gaia3d", 
                "dbreg_dt": null, 
                "inins_se": "IVS001", 
                "rsreg_dt": "2018-05-10T04:00:00Z"
            }, 
            "type": "Feature", 
            "id": "tn_rodway_ctln_change.QI_00446417.1", 
            "geometry_name": "object_gt"
        }, 
        {
            "geometry": {
                "type": "MultiLineString", 
                "coordinates": [
                    [
                        [
                            914779.11889982, 
                            1807879.00220013
                        ], 
                        [
                            914778.50839996, 
                            1807880.01709986
                        ], 
                        [
                            914770.27600002, 
                            1807894.35099983
                        ], 
                        [
                            914752.4375, 
                            1807931.30840015
                        ], 
                        [
                            914749.02710009, 
                            1807937.22419977
                        ], 
                        [
                            914745.7592001, 
                            1807942.07649994
                        ], 
                        [
                            914735.39769983, 
                            1807954.31409979
                        ], 
                        [
                            914727.47100019, 
                            1807959.68139982
                        ], 
                        [
                            914720.56629992, 
                            1807963.18889999
                        ], 
                        [
                            914716.8506999, 
                            1807964.78760004
                        ], 
                        [
                            914711.91620016, 
                            1807966.70650005
                        ], 
                        [
                            914704.82089996, 
                            1807968.73850012
                        ]
                    ]
                ]
            }, 
            "properties": {
                "road_se": "RDD006", 
                "thins_se": "IVS001", 
                "conpr_at_se": "CAS000", 
                "confmer_id": null, 
                "updt_bsns_nm": "품질검사검증", 
                "process_sttus_se": "RSS001", 
                "error_dc": null, 
                "cartrk_co": 1, 
                "road_nm": "조사대상아님", 
                "road_no": "조사대상아님", 
                "road_bt": 1.6, 
                "loins_se": "IVS001", 
                "updt_bsns_se": "UBS002", 
                "updt_bsns_yy": "2018", 
                "lcins_se": "IVS001", 
                "return_resn_dc": null, 
                "molit_ufid": "A0010000000IQYWYF", 
                "pmtr_se": "RDQ006", 
                "bsnm_error_dc": null, 
                "change_sn": 1, 
                "nf_id": "TRN010000003SZ19C", 
                "osps_se": "ITH002", 
                "obchg_se": "OCS001", 
                "tiins_se": "IVS001", 
                "mtrwy_se": "MOR001", 
                "edennc_at": "2", 
                "obchg_dt": "2018-03-04T05:00:00Z", 
                "change_info_id": "QI_00446402", 
                "mnent_nm": "gaia3d", 
                "dbreg_dt": null, 
                "inins_se": "IVS001", 
                "rsreg_dt": "2018-05-04T04:00:00Z"
            }, 
            "type": "Feature", 
            "id": "tn_rodway_ctln_change.QI_00446402.1", 
            "geometry_name": "object_gt"
        }, 
        {
            "geometry": {
                "type": "MultiLineString", 
                "coordinates": [
                    [
                        [
                            914632.31080008, 
                            1807378.26620007
                        ], 
                        [
                            914659.77629995, 
                            1807417.81479979
                        ], 
                        [
                            914675.53849983, 
                            1807440.51219988
                        ], 
                        [
                            914772.84450006, 
                            1807579.34969997
                        ], 
                        [
                            914832.3197999, 
                            1807663.03200007
                        ]
                    ]
                ]
            }, 
            "properties": {
                "road_se": "RDD014", 
                "thins_se": "IVS001", 
                "conpr_at_se": "CAS000", 
                "confmer_id": null, 
                "updt_bsns_nm": "국가기본도 데이터 구축",
                "process_sttus_se": "RSS001", 
                "error_dc": null, 
                "cartrk_co": 1, 
                "road_nm": "조사대상아님", 
                "road_no": "조사대상아님", 
                "road_bt": 1.5, 
                "loins_se": "IVS001", 
                "updt_bsns_se": "UBS002", 
                "updt_bsns_yy": "2018", 
                "lcins_se": "IVS001", 
                "return_resn_dc": null, 
                "molit_ufid": "A0010000000ETSTX4", 
                "pmtr_se": "RDQ005", 
                "bsnm_error_dc": null, 
                "change_sn": 1, 
                "nf_id": "TRN010000003SUIET", 
                "osps_se": "ITH002", 
                "obchg_se": "OCS004", 
                "tiins_se": "IVS001", 
                "mtrwy_se": "MOR001", 
                "edennc_at": "2", 
                "obchg_dt": "2018-05-04T04:00:00Z", 
                "change_info_id": "QI_00446428", 
                "mnent_nm": "gaia3d", 
                "dbreg_dt": null, 
                "inins_se": "IVS001", 
                "rsreg_dt": "2018-05-10T04:00:00Z"
            }, 
            "type": "Feature", 
            "id": "tn_rodway_ctln_change.QI_00446428.1", 
            "geometry_name": "object_gt"
        }, 
        {
            "geometry": {
                "type": "MultiLineString", 
                "coordinates": [
                    [
                        [
                            914889.62410021, 
                            1807782.61619997
                        ], 
                        [
                            914884.93860006, 
                            1807785.51639986
                        ], 
                        [
                            914879.86289978, 
                            1807789.14449978
                        ], 
                        [
                            914869.72919989, 
                            1807797.10529995
                        ], 
                        [
                            914857.41379976, 
                            1807808.07840014
                        ], 
                        [
                            914844.6243, 
                            1807818.61910009
                        ], 
                        [
                            914836.8592, 
                            1807824.31339979
                        ], 
                        [
                            914817.87540007, 
                            1807837.13439989
                        ], 
                        [
                            914798.87529993, 
                            1807851.42799997
                        ], 
                        [
                            914796.39639997, 
                            1807854.20289993
                        ]
                    ]
                ]
            }, 
            "properties": {
                "road_se": "RDD006", 
                "thins_se": "IVS001", 
                "conpr_at_se": "CAS000", 
                "confmer_id": null, 
                "updt_bsns_nm": "품질검사검증", 
                "process_sttus_se": "RSS001", 
                "error_dc": "차도중심선 속성불일치", 
                "cartrk_co": 1, 
                "road_nm": "조사대상아님", 
                "road_no": "조사대상아님", 
                "road_bt": 3, 
                "loins_se": "IVS001", 
                "updt_bsns_se": "UBS002", 
                "updt_bsns_yy": "2018", 
                "lcins_se": "IVS001", 
                "return_resn_dc": null, 
                "molit_ufid": "A0010000000IR0VDU", 
                "pmtr_se": "RDQ006", 
                "bsnm_error_dc": "현실반영", 
                "change_sn": 1, 
                "nf_id": "TRN010000003SZ158", 
                "osps_se": "ITH002", 
                "obchg_se": "OCS001", 
                "tiins_se": "IVS001", 
                "mtrwy_se": "MOR001", 
                "edennc_at": "2", 
                "obchg_dt": "2018-05-04T04:00:00Z", 
                "change_info_id": "QI_00446418", 
                "mnent_nm": "gaia3d", 
                "dbreg_dt": null, 
                "inins_se": "IVS001", 
                "rsreg_dt": "2018-05-10T04:00:00Z"
            }, 
            "type": "Feature", 
            "id": "tn_rodway_ctln_change.QI_00446418.1", 
            "geometry_name": "object_gt"
        }
    ]
}