{
    "crs": {
        "type": "name", 
        "properties": {
            "name": "urn:ogc:def:crs:EPSG::5179"
        }
    }, 
    "totalFeatures": 22, 
    "type": "FeatureCollection", 
    "features": [
        {
            "geometry": {
                "type": "MultiLineString", 
                "coordinates": [
                    [
                        [
                            914893.9823, 
                            1808117.7043
                        ], 
                        [
                            914893.0457, 
                            1808113.6525
                        ], 
                        [
                            914892.1081, 
                            1808112.9055
                        ], 
                        [
                            914891.2739, 
                            1808112.0541
                        ], 
                        [
                            914889.8445, 
                            1808110.3131
                        ], 
                        [
                            914888.2953, 
                            1808106.9231
                        ], 
                        [
                            914886.4801, 
                            1808104.4293
                        ], 
                        [
                            914882.5469, 
                            1808090.2231
                        ], 
                        [
                            914879.3559, 
                            1808081.1015
                        ], 
                        [
                            914875.3557, 
                            1808073.6755
                        ], 
                        [
                            914869.2271, 
                            1808066.7873
                        ], 
                        [
                            914867.9255, 
                            1808064.0479
                        ]
                    ]
                ]
            }, 
            "properties": {
                "bsnm_error_dc": null, 
                "river_no": "0", 
                "river_nm": "소하천", 
                "nf_id": "WTR0300000006V3F2", 
                "obchg_dt": null, 
                "error_dc": null, 
                "obchg_se": "OCS001", 
                "river_se": "RCD005", 
                "ogc_fid": 320235, 
                "rsreg_dt": null
            }, 
            "type": "Feature", 
            "id": "tn_river_ctln.320235", 
            "geometry_name": "object_gt"
        }, 
        {
            "geometry": {
                "type": "MultiLineString", 
                "coordinates": [
                    [
                        [
                            914972.5555, 
                            1808006.0051
                        ], 
                        [
                            914970.8727, 
                            1808005.9667
                        ], 
                        [
                            914949.4909, 
                            1808006.7879
                        ], 
                        [
                            914928.3631, 
                            1808009.0323
                        ], 
                        [
                            914909.5317, 
                            1808011.2859
                        ], 
                        [
                            914904.4187, 
                            1808011.7251
                        ], 
                        [
                            914901.2801, 
                            1808012.5971
                        ], 
                        [
                            914892.6017, 
                            1808014.3033
                        ], 
                        [
                            914886.1525, 
                            1808017.3607
                        ], 
                        [
                            914883.7501, 
                            1808018.5007
                        ], 
                        [
                            914878.7161, 
                            1808021.6647
                        ], 
                        [
                            914877.2813, 
                            1808022.7597
                        ], 
                        [
                            914876.1203, 
                            1808023.8553
                        ], 
                        [
                            914866.7015, 
                            1808034.7285
                        ], 
                        [
                            914857.6999, 
                            1808044.5279
                        ], 
                        [
                            914854.7579, 
                            1808048.0221
                        ], 
                        [
                            914792.0265, 
                            1808097.5693
                        ], 
                        [
                            914768.4875, 
                            1808115.4691
                        ]
                    ]
                ]
            }, 
            "properties": {
                "bsnm_error_dc": null, 
                "river_no": "0", 
                "river_nm": "소하천", 
                "nf_id": "WTR0300000006V7F6", 
                "obchg_dt": null, 
                "error_dc": null, 
                "obchg_se": "OCS001", 
                "river_se": "RCD003", 
                "ogc_fid": 320379, 
                "rsreg_dt": null
            }, 
            "type": "Feature", 
            "id": "tn_river_ctln.320379", 
            "geometry_name": "object_gt"
        }, 
        {
            "geometry": {
                "type": "MultiLineString", 
                "coordinates": [
                    [
                        [
                            914627.5129, 
                            1807370.2375
                        ], 
                        [
                            914656.5231, 
                            1807348.4497
                        ], 
                        [
                            914659.0785, 
                            1807346.7141
                        ], 
                        [
                            914698.1659, 
                            1807320.1647
                        ], 
                        [
                            914705.7301, 
                            1807311.5483
                        ], 
                        [
                            914730.9763, 
                            1807297.4653
                        ], 
                        [
                            914803.2699, 
                            1807246.4443
                        ]
                    ]
                ]
            }, 
            "properties": {
                "bsnm_error_dc": null, 
                "river_no": "0", 
                "river_nm": "소하천", 
                "nf_id": "WTR0300000006SHYW", 
                "obchg_dt": null, 
                "error_dc": null, 
                "obchg_se": "OCS001", 
                "river_se": "RCD005", 
                "ogc_fid": 316870, 
                "rsreg_dt": null
            }, 
            "type": "Feature", 
            "id": "tn_river_ctln.316870", 
            "geometry_name": "object_gt"
        }, 
        {
            "geometry": {
                "type": "MultiLineString", 
                "coordinates": [
                    [
                        [
                            914531.1461, 
                            1807440.2609
                        ], 
                        [
                            914544.6777, 
                            1807460.5907
                        ], 
                        [
                            914576.2683, 
                            1807505.6523
                        ], 
                        [
                            914599.6309, 
                            1807536.4369
                        ], 
                        [
                            914610.4887, 
                            1807550.0485
                        ], 
                        [
                            914613.5963, 
                            1807552.6735
                        ], 
                        [
                            914619.1565, 
                            1807556.7255
                        ], 
                        [
                            914635.2145, 
                            1807566.7985
                        ], 
                        [
                            914645.5921, 
                            1807573.5817
                        ], 
                        [
                            914654.3669, 
                            1807580.8661
                        ], 
                        [
                            914661.1043, 
                            1807592.3737
                        ], 
                        [
                            914661.5003, 
                            1807593.5771
                        ], 
                        [
                            914663.6149, 
                            1807600.0123
                        ], 
                        [
                            914663.6255, 
                            1807600.1211
                        ]
                    ]
                ]
            }, 
            "properties": {
                "bsnm_error_dc": null, 
                "river_no": "0", 
                "river_nm": "소하천", 
                "nf_id": "WTR0300000006SI21", 
                "obchg_dt": null, 
                "error_dc": null, 
                "obchg_se": "OCS001", 
                "river_se": "RCD005", 
                "ogc_fid": 316874, 
                "rsreg_dt": null
            }, 
            "type": "Feature", 
            "id": "tn_river_ctln.316874", 
            "geometry_name": "object_gt"
        }, 
        {
            "geometry": {
                "type": "MultiLineString", 
                "coordinates": [
                    [
                        [
                            914838.7617, 
                            1807664.5733
                        ], 
                        [
                            914830.9371, 
                            1807657.9729
                        ], 
                        [
                            914805.4683, 
                            1807622.5467
                        ], 
                        [
                            914759.8459, 
                            1807557.1029
                        ], 
                        [
                            914700.4095, 
                            1807472.6577
                        ], 
                        [
                            914659.7533, 
                            1807415.4957
                        ], 
                        [
                            914637.1223, 
                            1807383.6767
                        ], 
                        [
                            914627.5129, 
                            1807370.2375
                        ]
                    ]
                ]
            }, 
            "properties": {
                "bsnm_error_dc": null, 
                "river_no": "0", 
                "river_nm": "소하천", 
                "nf_id": "WTR0300000006SI54", 
                "obchg_dt": null, 
                "error_dc": null, 
                "obchg_se": "OCS001", 
                "river_se": "RCD005", 
                "ogc_fid": 316877, 
                "rsreg_dt": null
            }, 
            "type": "Feature", 
            "id": "tn_river_ctln.316877", 
            "geometry_name": "object_gt"
        }, 
        {
            "geometry": {
                "type": "MultiLineString", 
                "coordinates": [
                    [
                        [
                            914932.5617, 
                            1807429.4187
                        ], 
                        [
                            914924.7365, 
                            1807419.2093
                        ], 
                        [
                            914863.2581, 
                            1807331.8905
                        ], 
                        [
                            914811.8367, 
                            1807258.7591
                        ], 
                        [
                            914803.2699, 
                            1807246.4443
                        ]
                    ]
                ]
            }, 
            "properties": {
                "bsnm_error_dc": null, 
                "river_no": "0", 
                "river_nm": "소하천", 
                "nf_id": "WTR0300000006V3BY", 
                "obchg_dt": null, 
                "error_dc": null, 
                "obchg_se": "OCS001", 
                "river_se": "RCD005", 
                "ogc_fid": 320231, 
                "rsreg_dt": null
            }, 
            "type": "Feature", 
            "id": "tn_river_ctln.320231", 
            "geometry_name": "object_gt"
        }, 
        {
            "geometry": {
                "type": "MultiLineString", 
                "coordinates": [
                    [
                        [
                            915052.6667, 
                            1807413.5535
                        ], 
                        [
                            915038.6717, 
                            1807417.7375
                        ], 
                        [
                            915029.2461, 
                            1807423.2413
                        ], 
                        [
                            915014.9583, 
                            1807433.4289
                        ], 
                        [
                            915006.7705, 
                            1807439.9611
                        ], 
                        [
                            915004.4357, 
                            1807440.6359
                        ], 
                        [
                            915002.5111, 
                            1807440.9797
                        ], 
                        [
                            915000.4503, 
                            1807441.0753
                        ], 
                        [
                            914999.2007, 
                            1807440.8899
                        ], 
                        [
                            914994.2491, 
                            1807438.5213
                        ], 
                        [
                            914981.5319, 
                            1807425.3151
                        ], 
                        [
                            914972.2255, 
                            1807416.7229
                        ], 
                        [
                            914966.5885, 
                            1807412.3153
                        ], 
                        [
                            914962.3223, 
                            1807410.8279
                        ], 
                        [
                            914958.3357, 
                            1807411.2463
                        ], 
                        [
                            914954.1055, 
                            1807411.9269
                        ], 
                        [
                            914947.9985, 
                            1807416.0041
                        ], 
                        [
                            914932.5617, 
                            1807429.4187
                        ]
                    ]
                ]
            }, 
            "properties": {
                "bsnm_error_dc": null, 
                "river_no": "0", 
                "river_nm": "소하천", 
                "nf_id": "WTR0300000006V2PB", 
                "obchg_dt": null, 
                "error_dc": null, 
                "obchg_se": "OCS001", 
                "river_se": "RCD005", 
                "ogc_fid": 320209, 
                "rsreg_dt": null
            }, 
            "type": "Feature", 
            "id": "tn_river_ctln.320209", 
            "geometry_name": "object_gt"
        }, 
        {
            "geometry": {
                "type": "MultiLineString", 
                "coordinates": [
                    [
                        [
                            915109.6861, 
                            1807830.7985
                        ], 
                        [
                            915104.9903, 
                            1807842.9299
                        ], 
                        [
                            915100.4147, 
                            1807857.8187
                        ], 
                        [
                            915096.5457, 
                            1807863.2261
                        ], 
                        [
                            915093.3937, 
                            1807865.1517
                        ], 
                        [
                            915081.3429, 
                            1807872.0137
                        ], 
                        [
                            915034.2275, 
                            1807894.6019
                        ], 
                        [
                            914969.6783, 
                            1807924.2899
                        ], 
                        [
                            914946.7437, 
                            1807934.7709
                        ], 
                        [
                            914945.2937, 
                            1807936.6139
                        ], 
                        [
                            914945.3775, 
                            1807937.7481
                        ]
                    ]
                ]
            }, 
            "properties": {
                "bsnm_error_dc": null, 
                "river_no": "0", 
                "river_nm": "소하천", 
                "nf_id": "WTR0300000006V32P", 
                "obchg_dt": null, 
                "error_dc": null, 
                "obchg_se": "OCS001", 
                "river_se": "RCD005", 
                "ogc_fid": 320222, 
                "rsreg_dt": null
            }, 
            "type": "Feature", 
            "id": "tn_river_ctln.320222", 
            "geometry_name": "object_gt"
        }, 
        {
            "geometry": {
                "type": "MultiLineString", 
                "coordinates": [
                    [
                        [
                            914838.7617, 
                            1807664.5733
                        ], 
                        [
                            914846.7177, 
                            1807643.1871
                        ], 
                        [
                            914859.5909, 
                            1807613.5909
                        ], 
                        [
                            914868.1627, 
                            1807593.1821
                        ], 
                        [
                            914871.9957, 
                            1807585.2649
                        ], 
                        [
                            914877.3809, 
                            1807572.2733
                        ], 
                        [
                            914887.1343, 
                            1807552.6231
                        ], 
                        [
                            914887.2785, 
                            1807551.9125
                        ], 
                        [
                            914887.2937, 
                            1807550.9687
                        ], 
                        [
                            914887.1221, 
                            1807549.8911
                        ], 
                        [
                            914886.8587, 
                            1807548.6017
                        ], 
                        [
                            914886.5207, 
                            1807547.4249
                        ], 
                        [
                            914884.1057, 
                            1807544.0045
                        ], 
                        [
                            914866.9447, 
                            1807520.2715
                        ], 
                        [
                            914859.0567, 
                            1807508.9569
                        ], 
                        [
                            914855.0243, 
                            1807504.1803
                        ]
                    ]
                ]
            }, 
            "properties": {
                "bsnm_error_dc": null, 
                "river_no": "0", 
                "river_nm": "소하천", 
                "nf_id": "WTR0300000006V3CZ", 
                "obchg_dt": null, 
                "error_dc": null, 
                "obchg_se": "OCS001", 
                "river_se": "RCD005", 
                "ogc_fid": 320232, 
                "rsreg_dt": null
            }, 
            "type": "Feature", 
            "id": "tn_river_ctln.320232", 
            "geometry_name": "object_gt"
        }, 
        {
            "geometry": {
                "type": "MultiLineString", 
                "coordinates": [
                    [
                        [
                            914811.6243, 
                            1807689.5385
                        ], 
                        [
                            914821.9593, 
                            1807682.8183
                        ], 
                        [
                            914828.4945, 
                            1807678.0231
                        ], 
                        [
                            914834.5519, 
                            1807671.6939
                        ], 
                        [
                            914838.7617, 
                            1807664.5733
                        ]
                    ]
                ]
            }, 
            "properties": {
                "bsnm_error_dc": null, 
                "river_no": "0", 
                "river_nm": "소하천", 
                "nf_id": "WTR0300000006V3D0", 
                "obchg_dt": null, 
                "error_dc": null, 
                "obchg_se": "OCS001", 
                "river_se": "RCD005", 
                "ogc_fid": 320233, 
                "rsreg_dt": null
            }, 
            "type": "Feature", 
            "id": "tn_river_ctln.320233", 
            "geometry_name": "object_gt"
        }, 
        {
            "geometry": {
                "type": "MultiLineString", 
                "coordinates": [
                    [
                        [
                            914750.9523, 
                            1807718.3637
                        ], 
                        [
                            914755.6185, 
                            1807718.2787
                        ], 
                        [
                            914763.9339, 
                            1807717.3131
                        ], 
                        [
                            914764.5339, 
                            1807717.1599
                        ], 
                        [
                            914765.0997, 
                            1807716.9601
                        ], 
                        [
                            914767.3999, 
                            1807715.9845
                        ], 
                        [
                            914781.5691, 
                            1807708.9507
                        ], 
                        [
                            914791.5803, 
                            1807704.7583
                        ], 
                        [
                            914792.7519, 
                            1807703.8085
                        ], 
                        [
                            914811.6243, 
                            1807689.5385
                        ]
                    ]
                ]
            }, 
            "properties": {
                "bsnm_error_dc": null, 
                "river_no": "0", 
                "river_nm": "소하천", 
                "nf_id": "WTR0300000006V3E1", 
                "obchg_dt": null, 
                "error_dc": null, 
                "obchg_se": "OCS001", 
                "river_se": "RCD005", 
                "ogc_fid": 320234, 
                "rsreg_dt": null
            }, 
            "type": "Feature", 
            "id": "tn_river_ctln.320234", 
            "geometry_name": "object_gt"
        }, 
        {
            "geometry": {
                "type": "MultiLineString", 
                "coordinates": [
                    [
                        [
                            914867.9255, 
                            1808064.0479
                        ], 
                        [
                            914861.5957, 
                            1808050.9327
                        ], 
                        [
                            914859.5593, 
                            1808047.8373
                        ]
                    ]
                ]
            }, 
            "properties": {
                "bsnm_error_dc": null, 
                "river_no": "0", 
                "river_nm": "소하천", 
                "nf_id": "WTR0300000006V4BZ", 
                "obchg_dt": null, 
                "error_dc": null, 
                "obchg_se": "OCS001", 
                "river_se": "RCD005", 
                "ogc_fid": 320267, 
                "rsreg_dt": null
            }, 
            "type": "Feature", 
            "id": "tn_river_ctln.320267", 
            "geometry_name": "object_gt"
        }, 
        {
            "geometry": {
                "type": "MultiLineString", 
                "coordinates": [
                    [
                        [
                            914867.9255, 
                            1808064.0479
                        ], 
                        [
                            914867.7163, 
                            1808063.6201
                        ]
                    ]
                ]
            }, 
            "properties": {
                "bsnm_error_dc": null, 
                "river_no": "0", 
                "river_nm": "소하천", 
                "nf_id": "WTR0300000006V4C0", 
                "obchg_dt": null, 
                "error_dc": null, 
                "obchg_se": "OCS001", 
                "river_se": "RCD005", 
                "ogc_fid": 320268, 
                "rsreg_dt": null
            }, 
            "type": "Feature", 
            "id": "tn_river_ctln.320268", 
            "geometry_name": "object_gt"
        }, 
        {
            "geometry": {
                "type": "MultiLineString", 
                "coordinates": [
                    [
                        [
                            914855.0243, 
                            1807504.1803
                        ], 
                        [
                            914838.1599, 
                            1807480.2179
                        ], 
                        [
                            914820.5597, 
                            1807454.8709
                        ], 
                        [
                            914798.6083, 
                            1807422.4785
                        ], 
                        [
                            914783.8213, 
                            1807401.4065
                        ], 
                        [
                            914758.9833, 
                            1807366.1971
                        ], 
                        [
                            914738.2237, 
                            1807336.5325
                        ], 
                        [
                            914723.5581, 
                            1807315.1571
                        ], 
                        [
                            914716.8675, 
                            1807305.3357
                        ]
                    ]
                ]
            }, 
            "properties": {
                "bsnm_error_dc": null, 
                "river_no": "0", 
                "river_nm": "소하천", 
                "nf_id": "WTR0300000006V4D1", 
                "obchg_dt": null, 
                "error_dc": null, 
                "obchg_se": "OCS001", 
                "river_se": "RCD005", 
                "ogc_fid": 320269, 
                "rsreg_dt": null
            }, 
            "type": "Feature", 
            "id": "tn_river_ctln.320269", 
            "geometry_name": "object_gt"
        }, 
        {
            "geometry": {
                "type": "MultiLineString", 
                "coordinates": [
                    [
                        [
                            914906.7653, 
                            1807750.3939
                        ], 
                        [
                            914889.0331, 
                            1807735.1163
                        ], 
                        [
                            914870.7791, 
                            1807720.8471
                        ], 
                        [
                            914855.5045, 
                            1807710.3033
                        ], 
                        [
                            914832.5611, 
                            1807699.1323
                        ], 
                        [
                            914815.9565, 
                            1807691.9653
                        ], 
                        [
                            914811.6243, 
                            1807689.5385
                        ]
                    ]
                ]
            }, 
            "properties": {
                "bsnm_error_dc": null, 
                "river_no": "0", 
                "river_nm": "소하천", 
                "nf_id": "WTR0300000006V4E2", 
                "obchg_dt": null, 
                "error_dc": null, 
                "obchg_se": "OCS001", 
                "river_se": "RCD005", 
                "ogc_fid": 320270, 
                "rsreg_dt": null
            }, 
            "type": "Feature", 
            "id": "tn_river_ctln.320270", 
            "geometry_name": "object_gt"
        }, 
        {
            "geometry": {
                "type": "MultiLineString", 
                "coordinates": [
                    [
                        [
                            914712.2913, 
                            1807684.0303
                        ], 
                        [
                            914704.9575, 
                            1807709.1661
                        ], 
                        [
                            914701.3845, 
                            1807722.9123
                        ], 
                        [
                            914701.2275, 
                            1807723.8677
                        ], 
                        [
                            914702.9391, 
                            1807729.1343
                        ]
                    ]
                ]
            }, 
            "properties": {
                "bsnm_error_dc": null, 
                "river_no": "0", 
                "river_nm": "소하천", 
                "nf_id": "WTR0300000006V4G4", 
                "obchg_dt": null, 
                "error_dc": null, 
                "obchg_se": "OCS001", 
                "river_se": "RCD005", 
                "ogc_fid": 320272, 
                "rsreg_dt": null
            }, 
            "type": "Feature", 
            "id": "tn_river_ctln.320272", 
            "geometry_name": "object_gt"
        }, 
        {
            "geometry": {
                "type": "MultiLineString", 
                "coordinates": [
                    [
                        [
                            914742.4537, 
                            1807718.2907
                        ], 
                        [
                            914737.6779, 
                            1807704.4977
                        ], 
                        [
                            914730.5613, 
                            1807690.7407
                        ]
                    ]
                ]
            }, 
            "properties": {
                "bsnm_error_dc": null, 
                "river_no": "0", 
                "river_nm": "소하천", 
                "nf_id": "WTR0300000006V4H5", 
                "obchg_dt": null, 
                "error_dc": null, 
                "obchg_se": "OCS001", 
                "river_se": "RCD005", 
                "ogc_fid": 320273, 
                "rsreg_dt": null
            }, 
            "type": "Feature", 
            "id": "tn_river_ctln.320273", 
            "geometry_name": "object_gt"
        }, 
        {
            "geometry": {
                "type": "MultiLineString", 
                "coordinates": [
                    [
                        [
                            914945.3775, 
                            1807937.7481
                        ], 
                        [
                            914968.0637, 
                            1807992.2115
                        ], 
                        [
                            914971.3639, 
                            1808002.3453
                        ]
                    ]
                ]
            }, 
            "properties": {
                "bsnm_error_dc": null, 
                "river_no": "0", 
                "river_nm": "소하천", 
                "nf_id": "WTR0300000006V4ZN", 
                "obchg_dt": null, 
                "error_dc": null, 
                "obchg_se": "OCS001", 
                "river_se": "RCD005", 
                "ogc_fid": 320291, 
                "rsreg_dt": null
            }, 
            "type": "Feature", 
            "id": "tn_river_ctln.320291", 
            "geometry_name": "object_gt"
        }, 
        {
            "geometry": {
                "type": "MultiLineString", 
                "coordinates": [
                    [
                        [
                            915054.5711, 
                            1807721.4879
                        ], 
                        [
                            915049.4491, 
                            1807728.9199
                        ], 
                        [
                            915028.0367, 
                            1807749.3921
                        ], 
                        [
                            915011.6643, 
                            1807768.8593
                        ], 
                        [
                            915004.7403, 
                            1807775.9779
                        ], 
                        [
                            914986.5243, 
                            1807785.8879
                        ], 
                        [
                            914977.7093, 
                            1807795.4123
                        ], 
                        [
                            914974.4919, 
                            1807802.5007
                        ], 
                        [
                            914967.5711, 
                            1807817.2017
                        ], 
                        [
                            914962.7475, 
                            1807823.0007
                        ], 
                        [
                            914959.8147, 
                            1807825.1713
                        ], 
                        [
                            914947.7253, 
                            1807833.8679
                        ], 
                        [
                            914937.3811, 
                            1807838.4149
                        ], 
                        [
                            914926.3795, 
                            1807843.4281
                        ], 
                        [
                            914918.3235, 
                            1807848.9239
                        ], 
                        [
                            914909.2217, 
                            1807858.1011
                        ], 
                        [
                            914908.7485, 
                            1807860.1399
                        ], 
                        [
                            914908.8987, 
                            1807863.1251
                        ], 
                        [
                            914941.8797, 
                            1807930.1875
                        ], 
                        [
                            914945.3775, 
                            1807937.7481
                        ]
                    ]
                ]
            }, 
            "properties": {
                "bsnm_error_dc": null, 
                "river_no": "0", 
                "river_nm": "소하천", 
                "nf_id": "WTR0300000006V51Q", 
                "obchg_dt": null, 
                "error_dc": null, 
                "obchg_se": "OCS001", 
                "river_se": "RCD005", 
                "ogc_fid": 320293, 
                "rsreg_dt": null
            }, 
            "type": "Feature", 
            "id": "tn_river_ctln.320293", 
            "geometry_name": "object_gt"
        }, 
        {
            "geometry": {
                "type": "MultiLineString", 
                "coordinates": [
                    [
                        [
                            914899.9121, 
                            1807195.8503
                        ], 
                        [
                            914910.0111, 
                            1807210.0497
                        ], 
                        [
                            914925.0785, 
                            1807231.7851
                        ], 
                        [
                            914936.3413, 
                            1807247.9117
                        ], 
                        [
                            914949.8521, 
                            1807267.1159
                        ], 
                        [
                            914961.7725, 
                            1807284.1979
                        ], 
                        [
                            914973.6413, 
                            1807301.1523
                        ], 
                        [
                            914984.8035, 
                            1807316.9695
                        ], 
                        [
                            915000.1755, 
                            1807339.0453
                        ], 
                        [
                            915014.3751, 
                            1807359.5763
                        ], 
                        [
                            915028.0883, 
                            1807379.0723
                        ], 
                        [
                            915042.0827, 
                            1807398.7929
                        ], 
                        [
                            915052.6667, 
                            1807413.5535
                        ]
                    ]
                ]
            }, 
            "properties": {
                "bsnm_error_dc": null, 
                "river_no": "0", 
                "river_nm": "소하천", 
                "nf_id": "WTR0300000006V52R", 
                "obchg_dt": null, 
                "error_dc": null, 
                "obchg_se": "OCS001", 
                "river_se": "RCD005", 
                "ogc_fid": 320294, 
                "rsreg_dt": null
            }, 
            "type": "Feature", 
            "id": "tn_river_ctln.320294", 
            "geometry_name": "object_gt"
        }, 
        {
            "geometry": {
                "type": "MultiLineString", 
                "coordinates": [
                    [
                        [
                            914932.5617, 
                            1807429.4187
                        ], 
                        [
                            914897.5329, 
                            1807464.2825
                        ], 
                        [
                            914855.0243, 
                            1807504.1803
                        ]
                    ]
                ]
            }, 
            "properties": {
                "bsnm_error_dc": null, 
                "river_no": "0", 
                "river_nm": "소하천", 
                "nf_id": "WTR0300000006V53S", 
                "obchg_dt": null, 
                "error_dc": null, 
                "obchg_se": "OCS001", 
                "river_se": "RCD005", 
                "ogc_fid": 320295, 
                "rsreg_dt": null
            }, 
            "type": "Feature", 
            "id": "tn_river_ctln.320295", 
            "geometry_name": "object_gt"
        }, 
        {
            "geometry": {
                "type": "MultiLineString", 
                "coordinates": [
                    [
                        [
                            914446.9927, 
                            1807490.6255
                        ], 
                        [
                            914456.3947, 
                            1807483.4343
                        ], 
                        [
                            914462.7685, 
                            1807479.1577
                        ], 
                        [
                            914469.0015, 
                            1807471.0121
                        ], 
                        [
                            914476.0609, 
                            1807465.8893
                        ], 
                        [
                            914485.8373, 
                            1807461.9321
                        ], 
                        [
                            914493.7441, 
                            1807458.1263
                        ], 
                        [
                            914500.8071, 
                            1807452.5407
                        ], 
                        [
                            914508.6881, 
                            1807447.4307
                        ], 
                        [
                            914522.2135, 
                            1807438.8295
                        ], 
                        [
                            914532.3409, 
                            1807431.2157
                        ], 
                        [
                            914548.1241, 
                            1807426.7865
                        ], 
                        [
                            914564.1325, 
                            1807414.6837
                        ], 
                        [
                            914613.8183, 
                            1807380.5229
                        ], 
                        [
                            914627.5129, 
                            1807370.2375
                        ]
                    ]
                ]
            }, 
            "properties": {
                "bsnm_error_dc": null, 
                "river_no": "0", 
                "river_nm": "소하천", 
                "nf_id": "WTR0300000006V83V", 
                "obchg_dt": null, 
                "error_dc": null, 
                "obchg_se": "OCS001", 
                "river_se": "RCD005", 
                "ogc_fid": 320403, 
                "rsreg_dt": null
            }, 
            "type": "Feature", 
            "id": "tn_river_ctln.320403", 
            "geometry_name": "object_gt"
        }
    ]
}