{
    "crs": {
        "type": "name", 
        "properties": {
            "name": "urn:ogc:def:crs:EPSG::5179"
        }
    }, 
    "totalFeatures": 1, 
    "type": "FeatureCollection", 
    "features": [
        {
            "geometry": {
                "type": "MultiLineString", 
                "coordinates": [
                    [
                        [
                            909874.5148, 
                            1793387.0195
                        ], 
                        [
                            909877.5539, 
                            1793448.4334
                        ], 
                        [
                            909879.7867, 
                            1793478.6163
                        ], 
                        [
                            909884.0502, 
                            1793532.7465
                        ], 
                        [
                            909889.1981, 
                            1793546.036
                        ], 
                        [
                            909892.0556, 
                            1793555.5254
                        ], 
                        [
                            909894.0432, 
                            1793580.9821
                        ], 
                        [
                            909897.3739, 
                            1793609.2751
                        ], 
                        [
                            909899.6688, 
                            1793653.6873
                        ], 
                        [
                            909902.0724, 
                            1793871.4891
                        ], 
                        [
                            909903.9886, 
                            1794111.6187
                        ], 
                        [
                            909908.714, 
                            1794202.5764
                        ], 
                        [
                            909906.0696, 
                            1794278.5015
                        ], 
                        [
                            909911.1654, 
                            1794512.6986
                        ], 
                        [
                            909911.8877, 
                            1794666.5185
                        ], 
                        [
                            909912.7422, 
                            1794793.1428
                        ], 
                        [
                            909913.1976, 
                            1794846.7434
                        ], 
                        [
                            909916.6764, 
                            1794887.7213
                        ], 
                        [
                            909924.5449, 
                            1794937.5609
                        ], 
                        [
                            909934.0925, 
                            1794975.328
                        ], 
                        [
                            909945.161, 
                            1795020.9431
                        ], 
                        [
                            909956.7789, 
                            1795063.3634
                        ], 
                        [
                            909978.282, 
                            1795143.7603
                        ], 
                        [
                            909994.8979, 
                            1795204.4162
                        ], 
                        [
                            910009.2032, 
                            1795251.6941
                        ], 
                        [
                            910023.204, 
                            1795286.3194
                        ], 
                        [
                            910040.0164, 
                            1795318.9278
                        ], 
                        [
                            910042.8907, 
                            1795324.1491
                        ], 
                        [
                            910046.5871, 
                            1795330.2057
                        ], 
                        [
                            910065.9413, 
                            1795359.0113
                        ], 
                        [
                            910078.2677, 
                            1795374.5929
                        ], 
                        [
                            910097.5709, 
                            1795395.7869
                        ], 
                        [
                            910126.4037, 
                            1795423.3297
                        ], 
                        [
                            910148.2891, 
                            1795441.2615
                        ], 
                        [
                            910169.0061, 
                            1795455.5003
                        ], 
                        [
                            910193.0197, 
                            1795469.3223
                        ], 
                        [
                            910225.1925, 
                            1795485.4015
                        ], 
                        [
                            910254.4423, 
                            1795496.8473
                        ], 
                        [
                            910305.1677, 
                            1795514.5805
                        ], 
                        [
                            910338.2125, 
                            1795525.2571
                        ], 
                        [
                            910406.0091, 
                            1795548.1507
                        ], 
                        [
                            910451.8707, 
                            1795562.8599
                        ], 
                        [
                            910501.2361, 
                            1795578.5507
                        ], 
                        [
                            910535.1345, 
                            1795590.0225
                        ], 
                        [
                            910569.6359, 
                            1795602.0911
                        ], 
                        [
                            910592.8683, 
                            1795609.8189
                        ], 
                        [
                            910602.9805, 
                            1795612.7659
                        ], 
                        [
                            910651.4779, 
                            1795624.9125
                        ], 
                        [
                            910674.8943, 
                            1795629.5403
                        ], 
                        [
                            910713.9077, 
                            1795634.4879
                        ], 
                        [
                            910743.1099, 
                            1795636.6869
                        ], 
                        [
                            910780.8537, 
                            1795637.7921
                        ], 
                        [
                            910826.4411, 
                            1795638.1073
                        ], 
                        [
                            910889.0487, 
                            1795638.5445
                        ], 
                        [
                            910897.5029, 
                            1795638.8959
                        ], 
                        [
                            910937.2135, 
                            1795639.4861
                        ], 
                        [
                            910988.8485, 
                            1795639.7201
                        ], 
                        [
                            911011.6931, 
                            1795640.0525
                        ], 
                        [
                            911140.0601, 
                            1795641.4407
                        ], 
                        [
                            911160.4529, 
                            1795641.2857
                        ], 
                        [
                            911208.4401, 
                            1795641.7385
                        ], 
                        [
                            911261.3767, 
                            1795642.3657
                        ], 
                        [
                            911318.0107, 
                            1795642.6737
                        ], 
                        [
                            911353.4977, 
                            1795642.3411
                        ], 
                        [
                            911370.6931, 
                            1795642.5025
                        ], 
                        [
                            911411.8815, 
                            1795642.7403
                        ], 
                        [
                            911457.6199, 
                            1795643.2545
                        ], 
                        [
                            911494.0607, 
                            1795643.7167
                        ], 
                        [
                            911557.4485, 
                            1795643.2505
                        ], 
                        [
                            911576.5413, 
                            1795643.0023
                        ], 
                        [
                            911633.8663, 
                            1795643.5967
                        ], 
                        [
                            911694.9025, 
                            1795644.6321
                        ], 
                        [
                            911746.1993, 
                            1795646.6403
                        ], 
                        [
                            911769.3421, 
                            1795647.1479
                        ], 
                        [
                            911824.5789, 
                            1795647.9631
                        ], 
                        [
                            911882.1677, 
                            1795649.3159
                        ], 
                        [
                            911928.1069, 
                            1795650.0291
                        ], 
                        [
                            911956.7933, 
                            1795650.0865
                        ], 
                        [
                            911969.5945, 
                            1795650.1355
                        ], 
                        [
                            912027.0285, 
                            1795650.5195
                        ], 
                        [
                            912078.8157, 
                            1795651.2025
                        ], 
                        [
                            912091.1637, 
                            1795651.5889
                        ], 
                        [
                            912091.9983, 
                            1795651.5595
                        ], 
                        [
                            912126.1029, 
                            1795651.6089
                        ], 
                        [
                            912183.4871, 
                            1795652.0631
                        ], 
                        [
                            912208.0299, 
                            1795652.1367
                        ], 
                        [
                            912272.7115, 
                            1795652.5035
                        ], 
                        [
                            912293.6053, 
                            1795652.5959
                        ], 
                        [
                            912295.4141, 
                            1795652.4867
                        ], 
                        [
                            912318.9903, 
                            1795651.2155
                        ], 
                        [
                            912336.8257, 
                            1795649.4743
                        ], 
                        [
                            912355.2059, 
                            1795646.7803
                        ], 
                        [
                            912375.5805, 
                            1795643.0765
                        ], 
                        [
                            912397.3463, 
                            1795637.7661
                        ], 
                        [
                            912426.0451, 
                            1795629.5711
                        ], 
                        [
                            912439.1703, 
                            1795625.5547
                        ], 
                        [
                            912467.3077, 
                            1795615.1431
                        ], 
                        [
                            912474.8485, 
                            1795611.8751
                        ], 
                        [
                            912477.9765, 
                            1795609.7097
                        ], 
                        [
                            912494.8811, 
                            1795601.9251
                        ], 
                        [
                            912517.6133, 
                            1795590.1617
                        ], 
                        [
                            912526.8347, 
                            1795585.1659
                        ], 
                        [
                            912551.6579, 
                            1795571.7921
                        ], 
                        [
                            912570.6033, 
                            1795561.3929
                        ], 
                        [
                            912577.2003, 
                            1795558.2849
                        ], 
                        [
                            912623.3391, 
                            1795533.6849
                        ], 
                        [
                            912648.9565, 
                            1795519.2077
                        ], 
                        [
                            912690.4259, 
                            1795496.4013
                        ], 
                        [
                            912709.6631, 
                            1795485.3557
                        ], 
                        [
                            912760.4519, 
                            1795457.2029
                        ], 
                        [
                            912809.5495, 
                            1795430.6083
                        ], 
                        [
                            912855.8543, 
                            1795405.2279
                        ], 
                        [
                            912897.3673, 
                            1795383.1261
                        ], 
                        [
                            912919.4901, 
                            1795369.4913
                        ], 
                        [
                            912955.6877, 
                            1795349.8813
                        ], 
                        [
                            912976.5215, 
                            1795338.2775
                        ], 
                        [
                            913030.5065, 
                            1795309.5585
                        ], 
                        [
                            913086.3837, 
                            1795279.4303
                        ], 
                        [
                            913104.3791, 
                            1795269.9405
                        ], 
                        [
                            913157.0123, 
                            1795240.7787
                        ], 
                        [
                            913219.2349, 
                            1795206.2441
                        ], 
                        [
                            913227.4845, 
                            1795201.8031
                        ], 
                        [
                            913246.2311, 
                            1795191.6349
                        ], 
                        [
                            913292.3835, 
                            1795165.8053
                        ], 
                        [
                            913307.3835, 
                            1795157.0307
                        ], 
                        [
                            913353.7825, 
                            1795130.5501
                        ], 
                        [
                            913401.7315, 
                            1795104.1615
                        ], 
                        [
                            913401.7815, 
                            1795104.1613
                        ], 
                        [
                            913429.3453, 
                            1795089.1241
                        ], 
                        [
                            913439.3635, 
                            1795083.5743
                        ], 
                        [
                            913475.9515, 
                            1795064.0421
                        ], 
                        [
                            913502.7187, 
                            1795049.6087
                        ], 
                        [
                            913532.7959, 
                            1795037.3077
                        ], 
                        [
                            913563.7783, 
                            1795026.1017
                        ], 
                        [
                            913595.8633, 
                            1795015.4399
                        ], 
                        [
                            913606.9941, 
                            1795012.3835
                        ], 
                        [
                            913635.5551, 
                            1795006.5883
                        ], 
                        [
                            913648.1911, 
                            1795004.6237
                        ], 
                        [
                            913691.6985, 
                            1794999.0515
                        ], 
                        [
                            913704.5397, 
                            1794998.1355
                        ], 
                        [
                            913743.8169, 
                            1794996.0841
                        ], 
                        [
                            913764.0579, 
                            1794995.5799
                        ], 
                        [
                            913823.6551, 
                            1794994.8131
                        ], 
                        [
                            913825.7821, 
                            1794994.3573
                        ], 
                        [
                            913891.5553, 
                            1794993.2241
                        ], 
                        [
                            913906.0507, 
                            1794993.1993
                        ], 
                        [
                            913925.1439, 
                            1794993.0511
                        ], 
                        [
                            913984.8733, 
                            1794992.7435
                        ], 
                        [
                            914141.9167, 
                            1794991.3853
                        ], 
                        [
                            914197.5965, 
                            1794990.8987
                        ], 
                        [
                            914244.2307, 
                            1794990.7087
                        ], 
                        [
                            914266.5209, 
                            1794990.1441
                        ], 
                        [
                            914325.5485, 
                            1794989.4403
                        ], 
                        [
                            914407.9941, 
                            1794988.8159
                        ], 
                        [
                            914419.7527, 
                            1794988.2655
                        ], 
                        [
                            914464.5467, 
                            1794987.9249
                        ], 
                        [
                            914529.9035, 
                            1794987.4785
                        ], 
                        [
                            914538.0257, 
                            1794987.4117
                        ], 
                        [
                            914565.4909, 
                            1794987.1953
                        ], 
                        [
                            914655.0267, 
                            1794986.0945
                        ], 
                        [
                            914741.4449, 
                            1794985.2499
                        ], 
                        [
                            914819.9157, 
                            1794984.3959
                        ], 
                        [
                            914872.0673, 
                            1794984.0275
                        ], 
                        [
                            914879.8169, 
                            1794984.4375
                        ], 
                        [
                            914915.3817, 
                            1794983.6545
                        ], 
                        [
                            915027.0369, 
                            1794981.8301
                        ], 
                        [
                            915106.0599, 
                            1794981.4733
                        ], 
                        [
                            915133.4471, 
                            1794980.6825
                        ], 
                        [
                            915217.3161, 
                            1794979.8509
                        ], 
                        [
                            915288.6429, 
                            1794979.7335
                        ], 
                        [
                            915310.0357, 
                            1794979.6735
                        ], 
                        [
                            915355.3035, 
                            1794980.0651
                        ], 
                        [
                            915359.4639, 
                            1794979.4339
                        ], 
                        [
                            915373.0827, 
                            1794979.1089
                        ], 
                        [
                            915429.7393, 
                            1794978.0575
                        ], 
                        [
                            915501.7115, 
                            1794977.0871
                        ], 
                        [
                            915547.3635, 
                            1794977.3721
                        ], 
                        [
                            915548.9049, 
                            1794977.7489
                        ], 
                        [
                            915573.6929, 
                            1794977.9163
                        ], 
                        [
                            915584.7391, 
                            1794977.8593
                        ], 
                        [
                            915611.9405, 
                            1794979.8185
                        ], 
                        [
                            915646.6037, 
                            1794984.5385
                        ], 
                        [
                            915676.6705, 
                            1794989.6321
                        ], 
                        [
                            915717.0647, 
                            1795000.7205
                        ], 
                        [
                            915723.8747, 
                            1795003.0847
                        ], 
                        [
                            915745.2577, 
                            1795010.8221
                        ], 
                        [
                            915769.4517, 
                            1795020.8443
                        ], 
                        [
                            915797.8585, 
                            1795033.6441
                        ], 
                        [
                            915799.7627, 
                            1795034.5839
                        ], 
                        [
                            915821.7715, 
                            1795047.3665
                        ], 
                        [
                            915833.4489, 
                            1795053.4045
                        ], 
                        [
                            915865.1819, 
                            1795071.4853
                        ], 
                        [
                            915897.2133, 
                            1795089.2647
                        ], 
                        [
                            915939.1193, 
                            1795112.4415
                        ], 
                        [
                            915977.3665, 
                            1795133.6877
                        ], 
                        [
                            915994.3611, 
                            1795143.3971
                        ], 
                        [
                            916050.0561, 
                            1795175.0001
                        ], 
                        [
                            916051.5303, 
                            1795175.8973
                        ], 
                        [
                            916080.5931, 
                            1795192.8223
                        ], 
                        [
                            916088.8129, 
                            1795196.1987
                        ], 
                        [
                            916121.0905, 
                            1795215.2215
                        ], 
                        [
                            916150.2673, 
                            1795231.9159
                        ], 
                        [
                            916180.5969, 
                            1795249.2541
                        ], 
                        [
                            916201.0717, 
                            1795260.1903
                        ], 
                        [
                            916203.9005, 
                            1795262.0901
                        ], 
                        [
                            916230.3697, 
                            1795276.1893
                        ], 
                        [
                            916241.2943, 
                            1795281.6313
                        ], 
                        [
                            916265.5483, 
                            1795293.6025
                        ], 
                        [
                            916298.5689, 
                            1795309.3775
                        ], 
                        [
                            916326.1733, 
                            1795321.6313
                        ], 
                        [
                            916358.3343, 
                            1795335.4613
                        ], 
                        [
                            916386.6347, 
                            1795347.0119
                        ], 
                        [
                            916408.2679, 
                            1795354.7981
                        ], 
                        [
                            916443.1717, 
                            1795367.4141
                        ], 
                        [
                            916448.8785, 
                            1795369.0843
                        ], 
                        [
                            916495.5919, 
                            1795384.2887
                        ], 
                        [
                            916541.4547, 
                            1795399.3477
                        ], 
                        [
                            916582.5091, 
                            1795412.4321
                        ], 
                        [
                            916597.8821, 
                            1795417.8513
                        ], 
                        [
                            916633.0281, 
                            1795428.9667
                        ], 
                        [
                            916678.0505, 
                            1795445.8295
                        ], 
                        [
                            916708.1037, 
                            1795458.0209
                        ], 
                        [
                            916717.1709, 
                            1795461.9229
                        ], 
                        [
                            916736.8655, 
                            1795471.8183
                        ], 
                        [
                            916758.1215, 
                            1795484.0049
                        ], 
                        [
                            916766.4459, 
                            1795489.2603
                        ], 
                        [
                            916787.0101, 
                            1795503.0001
                        ], 
                        [
                            916792.2383, 
                            1795506.8319
                        ], 
                        [
                            916810.6913, 
                            1795520.2225
                        ], 
                        [
                            916825.1095, 
                            1795532.7917
                        ], 
                        [
                            916835.8967, 
                            1795542.2407
                        ], 
                        [
                            916850.8651, 
                            1795556.4541
                        ], 
                        [
                            916869.8095, 
                            1795575.9503
                        ], 
                        [
                            916895.0019, 
                            1795605.1611
                        ], 
                        [
                            916911.0553, 
                            1795626.2717
                        ], 
                        [
                            916925.8139, 
                            1795648.2387
                        ], 
                        [
                            916930.0513, 
                            1795655.7645
                        ], 
                        [
                            916940.6525, 
                            1795676.0533
                        ], 
                        [
                            916952.4191, 
                            1795699.4353
                        ], 
                        [
                            916962.6791, 
                            1795721.4255
                        ], 
                        [
                            916965.7687, 
                            1795729.3069
                        ], 
                        [
                            916975.6079, 
                            1795756.9475
                        ], 
                        [
                            916978.9059, 
                            1795766.4775
                        ], 
                        [
                            916983.9325, 
                            1795781.6467
                        ], 
                        [
                            917002.3995, 
                            1795834.6345
                        ], 
                        [
                            917009.1143, 
                            1795854.2183
                        ], 
                        [
                            917010.0761, 
                            1795857.1649
                        ], 
                        [
                            917021.9911, 
                            1795892.4653
                        ], 
                        [
                            917035.8377, 
                            1795931.4813
                        ], 
                        [
                            917050.5099, 
                            1795975.5917
                        ], 
                        [
                            917056.7465, 
                            1795992.7541
                        ], 
                        [
                            917070.4627, 
                            1796035.5697
                        ], 
                        [
                            917087.8191, 
                            1796086.4141
                        ], 
                        [
                            917102.0829, 
                            1796119.1301
                        ], 
                        [
                            917115.4131, 
                            1796145.2031
                        ], 
                        [
                            917129.3307, 
                            1796168.9239
                        ], 
                        [
                            917144.1931, 
                            1796191.6401
                        ], 
                        [
                            917158.7299, 
                            1796209.4095
                        ], 
                        [
                            917165.7735, 
                            1796218.3203
                        ], 
                        [
                            917184.1117, 
                            1796236.5701
                        ], 
                        [
                            917197.7781, 
                            1796249.2351
                        ], 
                        [
                            917211.2751, 
                            1796260.2725
                        ], 
                        [
                            917229.6445, 
                            1796274.8733
                        ], 
                        [
                            917236.9159, 
                            1796279.4843
                        ], 
                        [
                            917258.8797, 
                            1796293.2167
                        ], 
                        [
                            917267.7031, 
                            1796298.3197
                        ], 
                        [
                            917290.8617, 
                            1796311.1463
                        ], 
                        [
                            917320.5787, 
                            1796325.9883
                        ], 
                        [
                            917341.9247, 
                            1796336.2453
                        ], 
                        [
                            917348.2259, 
                            1796338.8219
                        ], 
                        [
                            917382.7039, 
                            1796354.1595
                        ], 
                        [
                            917415.6255, 
                            1796370.1347
                        ], 
                        [
                            917428.4543, 
                            1796376.5165
                        ], 
                        [
                            917472.1373, 
                            1796395.3355
                        ], 
                        [
                            917514.3209, 
                            1796414.1621
                        ], 
                        [
                            917583.4633, 
                            1796446.0957
                        ], 
                        [
                            917597.0605, 
                            1796452.0641
                        ], 
                        [
                            917599.9335, 
                            1796452.8329
                        ], 
                        [
                            917605.0775, 
                            1796454.9705
                        ], 
                        [
                            917643.9053, 
                            1796472.3809
                        ], 
                        [
                            917648.4091, 
                            1796474.8635
                        ], 
                        [
                            917675.6969, 
                            1796487.5073
                        ], 
                        [
                            917714.2473, 
                            1796509.4015
                        ], 
                        [
                            917741.4285, 
                            1796526.8561
                        ], 
                        [
                            917764.5079, 
                            1796543.6819
                        ], 
                        [
                            917786.3851, 
                            1796560.0639
                        ], 
                        [
                            917797.1829, 
                            1796570.0051
                        ], 
                        [
                            917820.8339, 
                            1796591.0763
                        ], 
                        [
                            917848.6121, 
                            1796617.6747
                        ], 
                        [
                            917885.4269, 
                            1796651.9741
                        ], 
                        [
                            917918.3803, 
                            1796683.7941
                        ], 
                        [
                            917951.8783, 
                            1796714.6117
                        ], 
                        [
                            917983.8845, 
                            1796746.2567
                        ], 
                        [
                            917988.0231, 
                            1796750.8723
                        ], 
                        [
                            918046.2089, 
                            1796804.0469
                        ], 
                        [
                            918084.8815, 
                            1796839.9863
                        ], 
                        [
                            918117.9839, 
                            1796871.6555
                        ], 
                        [
                            918121.0961, 
                            1796874.1887
                        ], 
                        [
                            918151.1839, 
                            1796902.8245
                        ], 
                        [
                            918185.7917, 
                            1796935.5857
                        ], 
                        [
                            918222.9099, 
                            1796970.5333
                        ], 
                        [
                            918259.8831, 
                            1797006.4813
                        ], 
                        [
                            918289.5671, 
                            1797034.3193
                        ], 
                        [
                            918311.0095, 
                            1797053.6027
                        ], 
                        [
                            918344.8579, 
                            1797085.5865
                        ], 
                        [
                            918401.3713, 
                            1797139.6191
                        ], 
                        [
                            918416.0445, 
                            1797153.2975
                        ], 
                        [
                            918451.3469, 
                            1797186.4409
                        ], 
                        [
                            918487.6521, 
                            1797220.6913
                        ], 
                        [
                            918533.4973, 
                            1797263.4669
                        ], 
                        [
                            918652.3567, 
                            1797376.4337
                        ], 
                        [
                            918704.4767, 
                            1797426.0133
                        ], 
                        [
                            918770.4339, 
                            1797487.6981
                        ], 
                        [
                            918810.8713, 
                            1797526.1113
                        ], 
                        [
                            918855.8413, 
                            1797568.4119
                        ], 
                        [
                            918896.2335, 
                            1797606.8845
                        ], 
                        [
                            918931.2799, 
                            1797639.7183
                        ], 
                        [
                            918990.5987, 
                            1797695.5945
                        ], 
                        [
                            919036.2889, 
                            1797738.8935
                        ]
                    ]
                ]
            }, 
            "properties": {
                "thins_se": "IVS001", 
                "confmer_id": null, 
                "process_sttus_se": "RSS001", 
                "conpr_at_se": "CAS000", 
                "rlroad_se": "RRD003", 
                "loins_se": "IVS001", 
                "updt_bsns_se": "UBS002", 
                "updt_bsns_yy": "2018", 
                "lcins_se": "IVS001", 
                "return_resn_dc": null, 
                "rlwty_se": "RRS002", 
                "rlway_nm": "장항선", 
                "updt_bsns_nm": "품질검사검증", 
                "change_sn": 1, 
                "nf_id": "TRN0900000000A3YR", 
                "obchg_se": "OCS003", 
                "tiins_se": "IVS001", 
                "obchg_dt": "2018-05-04T04:00:00Z", 
                "change_info_id": "QI_00446421", 
                "mnent_nm": "gaia3d", 
                "dbreg_dt": null, 
                "inins_se": "IVS001", 
                "rsreg_dt": "2018-05-10T04:00:00Z"
            }, 
            "type": "Feature", 
            "id": "tn_rlroad_ctln_change.QI_00446421.1", 
            "geometry_name": "object_gt"
        }
    ]
}