{
    "crs": {
        "type": "name", 
        "properties": {
            "name": "urn:ogc:def:crs:EPSG::5179"
        }
    }, 
    "totalFeatures": 1, 
    "type": "FeatureCollection", 
    "features": [
        {
            "geometry": {
                "type": "MultiPolygon", 
                "coordinates": [
                    [
                        [
                            [
                                913331.5903, 
                                1811759.2015
                            ], 
                            [
                                913308.5389, 
                                1811747.0565
                            ], 
                            [
                                913287.7933, 
                                1811735.8093
                            ], 
                            [
                                913287.2429, 
                                1811735.5201
                            ], 
                            [
                                913271.7631, 
                                1811727.8407
                            ], 
                            [
                                913220.2515, 
                                1811700.7773
                            ], 
                            [
                                913048.8085, 
                                1811609.0513
                            ], 
                            [
                                913021.9577, 
                                1811594.6847
                            ], 
                            [
                                913009.7139, 
                                1811587.7751
                            ], 
                            [
                                912998.1077, 
                                1811579.4917
                            ], 
                            [
                                912992.5713, 
                                1811570.3753
                            ], 
                            [
                                912991.2891, 
                                1811562.7003
                            ], 
                            [
                                912991.2283, 
                                1811560.2293
                            ], 
                            [
                                912992.0609, 
                                1811554.1899
                            ], 
                            [
                                912992.0823, 
                                1811554.0899
                            ], 
                            [
                                912993.4675, 
                                1811549.1603
                            ], 
                            [
                                912997.1579, 
                                1811541.3527
                            ], 
                            [
                                913003.6677, 
                                1811528.5491
                            ], 
                            [
                                913023.6003, 
                                1811491.7657
                            ], 
                            [
                                913027.6969, 
                                1811483.9789
                            ], 
                            [
                                913038.9397, 
                                1811462.7635
                            ], 
                            [
                                913052.1321, 
                                1811438.3181
                            ], 
                            [
                                913096.3661, 
                                1811355.1047
                            ], 
                            [
                                913109.6401, 
                                1811330.7547
                            ], 
                            [
                                913111.4727, 
                                1811327.2975
                            ], 
                            [
                                913115.5535, 
                                1811319.5997
                            ], 
                            [
                                913118.5525, 
                                1811313.9451
                            ], 
                            [
                                913127.4435, 
                                1811297.6643
                            ], 
                            [
                                913128.5329, 
                                1811295.7023
                            ], 
                            [
                                913140.3933, 
                                1811272.8931
                            ], 
                            [
                                913232.8039, 
                                1811099.6533
                            ], 
                            [
                                913242.2933, 
                                1811081.3539
                            ], 
                            [
                                913268.0761, 
                                1811032.9389
                            ], 
                            [
                                913268.2333, 
                                1811022.7573
                            ], 
                            [
                                913283.0077, 
                                1810995.4587
                            ], 
                            [
                                913304.4277, 
                                1810966.6081
                            ], 
                            [
                                913334.3035, 
                                1810910.9153
                            ], 
                            [
                                913344.1289, 
                                1810892.0235
                            ], 
                            [
                                913368.6515, 
                                1810845.8403
                            ], 
                            [
                                913433.8057, 
                                1810724.6529
                            ], 
                            [
                                913435.8097, 
                                1810720.3189
                            ], 
                            [
                                913445.2963, 
                                1810702.0637
                            ], 
                            [
                                913488.4119, 
                                1810622.5571
                            ], 
                            [
                                913522.8415, 
                                1810557.0359
                            ], 
                            [
                                913535.3959, 
                                1810534.6671
                            ], 
                            [
                                913547.6419, 
                                1810510.4633
                            ], 
                            [
                                913552.7763, 
                                1810500.3911
                            ], 
                            [
                                913595.6207, 
                                1810421.6005
                            ], 
                            [
                                913624.0439, 
                                1810368.4205
                            ], 
                            [
                                913634.2501, 
                                1810350.3295
                            ], 
                            [
                                913637.9483, 
                                1810343.0227
                            ], 
                            [
                                913642.0729, 
                                1810334.3191
                            ], 
                            [
                                913648.1919, 
                                1810322.8711
                            ], 
                            [
                                913689.2863, 
                                1810246.5129
                            ], 
                            [
                                913724.9875, 
                                1810179.2297
                            ], 
                            [
                                913740.3709, 
                                1810151.2121
                            ], 
                            [
                                913747.0797, 
                                1810137.6537
                            ], 
                            [
                                913750.5967, 
                                1810131.4765
                            ], 
                            [
                                913786.3387, 
                                1810064.3881
                            ], 
                            [
                                913804.3969, 
                                1810031.4473
                            ], 
                            [
                                913836.2631, 
                                1809970.9267
                            ], 
                            [
                                913840.1825, 
                                1809961.9613
                            ], 
                            [
                                913845.9925, 
                                1809950.5249
                            ], 
                            [
                                913851.2219, 
                                1809942.2025
                            ], 
                            [
                                913857.7289, 
                                1809930.3867
                            ], 
                            [
                                913896.2689, 
                                1809858.4193
                            ], 
                            [
                                913937.4785, 
                                1809782.6623
                            ], 
                            [
                                913942.0923, 
                                1809773.2445
                            ], 
                            [
                                913954.3657, 
                                1809750.0835
                            ], 
                            [
                                913987.4595, 
                                1809688.3929
                            ], 
                            [
                                914033.5807, 
                                1809603.1517
                            ], 
                            [
                                914039.3649, 
                                1809591.9523
                            ], 
                            [
                                914042.2189, 
                                1809584.7519
                            ], 
                            [
                                914045.2355, 
                                1809576.7549
                            ], 
                            [
                                914044.8529, 
                                1809575.0583
                            ], 
                            [
                                914043.9553, 
                                1809574.1123
                            ], 
                            [
                                914018.6353, 
                                1809560.1575
                            ], 
                            [
                                913941.7091, 
                                1809519.4187
                            ], 
                            [
                                913911.9953, 
                                1809503.3123
                            ], 
                            [
                                913907.5309, 
                                1809500.8353
                            ], 
                            [
                                913923.8073, 
                                1809484.6843
                            ], 
                            [
                                913934.7195, 
                                1809467.1955
                            ], 
                            [
                                913975.5257, 
                                1809390.7597
                            ], 
                            [
                                914012.5191, 
                                1809322.6333
                            ], 
                            [
                                914014.2703, 
                                1809319.6821
                            ], 
                            [
                                914019.3011, 
                                1809310.2791
                            ], 
                            [
                                914021.1027, 
                                1809306.7939
                            ], 
                            [
                                914091.7559, 
                                1809174.6817
                            ], 
                            [
                                914116.7075, 
                                1809128.9183
                            ], 
                            [
                                914118.6943, 
                                1809124.9153
                            ], 
                            [
                                914123.1229, 
                                1809116.2243
                            ], 
                            [
                                914126.9243, 
                                1809110.1465
                            ], 
                            [
                                914152.9861, 
                                1809059.9977
                            ], 
                            [
                                914153.3107, 
                                1809059.3893
                            ], 
                            [
                                914177.0203, 
                                1809016.0155
                            ], 
                            [
                                914197.7055, 
                                1808978.2177
                            ], 
                            [
                                914208.5531, 
                                1808957.5063
                            ], 
                            [
                                914220.0039, 
                                1808936.3037
                            ], 
                            [
                                914225.2419, 
                                1808926.5689
                            ], 
                            [
                                914229.0287, 
                                1808920.1823
                            ], 
                            [
                                914255.2697, 
                                1808870.2665
                            ], 
                            [
                                914277.6773, 
                                1808828.5811
                            ], 
                            [
                                914315.6527, 
                                1808755.4991
                            ], 
                            [
                                914319.7687, 
                                1808748.0151
                            ], 
                            [
                                914322.5025, 
                                1808742.5277
                            ], 
                            [
                                914329.2089, 
                                1808730.4349
                            ], 
                            [
                                914331.5861, 
                                1808726.5429
                            ], 
                            [
                                914336.5491, 
                                1808717.3641
                            ], 
                            [
                                914350.8805, 
                                1808689.8589
                            ], 
                            [
                                914376.7811, 
                                1808642.1981
                            ], 
                            [
                                914401.5515, 
                                1808595.7899
                            ], 
                            [
                                914419.5437, 
                                1808562.0797
                            ], 
                            [
                                914421.6335, 
                                1808557.7023
                            ], 
                            [
                                914423.9305, 
                                1808553.2019
                            ], 
                            [
                                914426.1185, 
                                1808549.4737
                            ], 
                            [
                                914429.4559, 
                                1808544.7141
                            ], 
                            [
                                914432.5795, 
                                1808538.2439
                            ], 
                            [
                                914449.7791, 
                                1808505.1235
                            ], 
                            [
                                914494.6171, 
                                1808421.3545
                            ], 
                            [
                                914499.0707, 
                                1808414.3717
                            ], 
                            [
                                914502.3099, 
                                1808409.7795
                            ], 
                            [
                                914505.1731, 
                                1808406.1279
                            ], 
                            [
                                914513.4821, 
                                1808396.5411
                            ], 
                            [
                                914518.4887, 
                                1808391.5437
                            ], 
                            [
                                914525.1029, 
                                1808385.6075
                            ], 
                            [
                                914538.7009, 
                                1808376.7681
                            ], 
                            [
                                914544.5611, 
                                1808373.5017
                            ], 
                            [
                                914550.6377, 
                                1808370.1095
                            ], 
                            [
                                914559.0675, 
                                1808366.1193
                            ], 
                            [
                                914601.8909, 
                                1808349.8791
                            ], 
                            [
                                914621.1811, 
                                1808341.7811
                            ], 
                            [
                                914632.3887, 
                                1808336.0021
                            ], 
                            [
                                914641.7015, 
                                1808328.2085
                            ], 
                            [
                                914650.4859, 
                                1808318.7651
                            ], 
                            [
                                914659.6953, 
                                1808304.1191
                            ], 
                            [
                                914668.3317, 
                                1808289.9911
                            ], 
                            [
                                914682.1991, 
                                1808268.6641
                            ], 
                            [
                                914707.9735, 
                                1808220.9543
                            ], 
                            [
                                914715.2805, 
                                1808208.2245
                            ], 
                            [
                                914739.7515, 
                                1808165.7757
                            ], 
                            [
                                914747.9583, 
                                1808153.8451
                            ], 
                            [
                                914758.0711, 
                                1808142.8123
                            ], 
                            [
                                914771.5187, 
                                1808130.5947
                            ], 
                            [
                                914781.1933, 
                                1808122.4213
                            ], 
                            [
                                914786.0187, 
                                1808118.5327
                            ], 
                            [
                                914806.1409, 
                                1808102.1779
                            ], 
                            [
                                914848.5429, 
                                1808067.9847
                            ], 
                            [
                                914857.8965, 
                                1808059.7591
                            ], 
                            [
                                914867.6725, 
                                1808051.8441
                            ], 
                            [
                                914872.2487, 
                                1808043.2603
                            ], 
                            [
                                914885.0761, 
                                1808025.9405
                            ], 
                            [
                                914895.4899, 
                                1808020.5335
                            ], 
                            [
                                914913.7073, 
                                1808016.8775
                            ], 
                            [
                                914963.9721, 
                                1808014.7015
                            ], 
                            [
                                914987.2645, 
                                1808015.8129
                            ], 
                            [
                                915007.6969, 
                                1808022.7643
                            ], 
                            [
                                915010.0471, 
                                1808023.5539
                            ], 
                            [
                                915022.9075, 
                                1808028.8607
                            ], 
                            [
                                915035.6837, 
                                1808035.8755
                            ], 
                            [
                                915061.9471, 
                                1808053.4633
                            ], 
                            [
                                915083.2931, 
                                1808067.1617
                            ], 
                            [
                                915098.6359, 
                                1808078.5209
                            ], 
                            [
                                915113.7841, 
                                1808091.1037
                            ], 
                            [
                                915128.1239, 
                                1808105.6959
                            ], 
                            [
                                915138.1541, 
                                1808115.6599
                            ], 
                            [
                                915149.1319, 
                                1808127.5325
                            ], 
                            [
                                915159.2753, 
                                1808139.4653
                            ], 
                            [
                                915167.6087, 
                                1808148.5495
                            ], 
                            [
                                915174.7109, 
                                1808156.7841
                            ], 
                            [
                                915194.0381, 
                                1808181.0677
                            ], 
                            [
                                915211.8889, 
                                1808207.8539
                            ], 
                            [
                                915212.7339, 
                                1808209.0901
                            ], 
                            [
                                915213.4701, 
                                1808209.3733
                            ], 
                            [
                                915214.5031, 
                                1808209.2129
                            ], 
                            [
                                915216.4995, 
                                1808212.9075
                            ], 
                            [
                                915216.4807, 
                                1808213.7223
                            ], 
                            [
                                915216.6377, 
                                1808214.5233
                            ], 
                            [
                                915216.7691, 
                                1808215.1753
                            ], 
                            [
                                915227.3587, 
                                1808229.2881
                            ], 
                            [
                                915236.4695, 
                                1808242.2151
                            ], 
                            [
                                915245.2049, 
                                1808256.3825
                            ], 
                            [
                                915248.4955, 
                                1808261.9207
                            ], 
                            [
                                915255.0389, 
                                1808275.5815
                            ], 
                            [
                                915272.1521, 
                                1808314.0369
                            ], 
                            [
                                915279.2331, 
                                1808328.8217
                            ], 
                            [
                                915292.6399, 
                                1808358.4559
                            ], 
                            [
                                915302.5689, 
                                1808379.7779
                            ], 
                            [
                                915307.4617, 
                                1808390.8581
                            ], 
                            [
                                915314.1697, 
                                1808404.0583
                            ], 
                            [
                                915329.0277, 
                                1808435.9775
                            ], 
                            [
                                915341.7823, 
                                1808464.5605
                            ], 
                            [
                                915343.9147, 
                                1808469.7937
                            ], 
                            [
                                915345.5835, 
                                1808473.5199
                            ], 
                            [
                                915351.2033, 
                                1808484.8963
                            ], 
                            [
                                915359.6377, 
                                1808503.6777
                            ], 
                            [
                                915384.1991, 
                                1808555.7923
                            ], 
                            [
                                915391.0927, 
                                1808569.8953
                            ], 
                            [
                                915431.2013, 
                                1808657.4833
                            ], 
                            [
                                915435.1035, 
                                1808665.0987
                            ], 
                            [
                                915446.4277, 
                                1808661.4033
                            ], 
                            [
                                915442.0421, 
                                1808652.2899
                            ], 
                            [
                                915427.4449, 
                                1808620.9643
                            ], 
                            [
                                915413.5415, 
                                1808590.4199
                            ], 
                            [
                                915402.3363, 
                                1808564.1351
                            ], 
                            [
                                915400.4593, 
                                1808559.7331
                            ], 
                            [
                                915383.4307, 
                                1808521.8011
                            ], 
                            [
                                915372.7959, 
                                1808499.3123
                            ], 
                            [
                                915361.6159, 
                                1808473.8281
                            ], 
                            [
                                915344.7209, 
                                1808437.9457
                            ], 
                            [
                                915324.0081, 
                                1808392.5491
                            ], 
                            [
                                915322.5041, 
                                1808388.7671
                            ], 
                            [
                                915320.4243, 
                                1808384.0503
                            ], 
                            [
                                915313.7939, 
                                1808370.5719
                            ], 
                            [
                                915293.4131, 
                                1808326.7721
                            ], 
                            [
                                915282.8107, 
                                1808304.5399
                            ], 
                            [
                                915264.5251, 
                                1808264.5851
                            ], 
                            [
                                915258.0107, 
                                1808253.2443
                            ], 
                            [
                                915250.6329, 
                                1808241.4351
                            ], 
                            [
                                915234.8763, 
                                1808217.3141
                            ], 
                            [
                                915232.0065, 
                                1808213.4703
                            ], 
                            [
                                915228.4075, 
                                1808206.6919
                            ], 
                            [
                                915226.1911, 
                                1808202.7767
                            ], 
                            [
                                915223.2843, 
                                1808198.3821
                            ], 
                            [
                                915208.3529, 
                                1808177.2569
                            ], 
                            [
                                915196.5377, 
                                1808161.1801
                            ], 
                            [
                                915182.3305, 
                                1808143.8319
                            ], 
                            [
                                915164.5519, 
                                1808123.4341
                            ], 
                            [
                                915159.4149, 
                                1808117.4927
                            ], 
                            [
                                915150.7003, 
                                1808107.5617
                            ], 
                            [
                                915129.6731, 
                                1808085.2945
                            ], 
                            [
                                915118.8859, 
                                1808074.9455
                            ], 
                            [
                                915102.3553, 
                                1808062.3599
                            ], 
                            [
                                915088.8683, 
                                1808052.4317
                            ], 
                            [
                                915070.3125, 
                                1808039.7205
                            ], 
                            [
                                915061.2893, 
                                1808033.9069
                            ], 
                            [
                                915042.6393, 
                                1808022.4879
                            ], 
                            [
                                915026.3957, 
                                1808013.4367
                            ], 
                            [
                                915014.2741, 
                                1808008.1339
                            ], 
                            [
                                914999.2683, 
                                1808002.9781
                            ], 
                            [
                                914997.2143, 
                                1808002.4659
                            ], 
                            [
                                914989.0639, 
                                1808001.0993
                            ], 
                            [
                                914983.2201, 
                                1808000.1927
                            ], 
                            [
                                914976.3711, 
                                1807999.4025
                            ], 
                            [
                                914971.4091, 
                                1807999.0751
                            ], 
                            [
                                914961.1513, 
                                1807999.0761
                            ], 
                            [
                                914945.4487, 
                                1808000.5317
                            ], 
                            [
                                914912.3385, 
                                1808005.4051
                            ], 
                            [
                                914896.6461, 
                                1808008.0433
                            ], 
                            [
                                914892.0689, 
                                1808009.0917
                            ], 
                            [
                                914887.9307, 
                                1808010.3457
                            ], 
                            [
                                914882.6943, 
                                1808012.6659
                            ], 
                            [
                                914875.9343, 
                                1808016.4807
                            ], 
                            [
                                914872.8185, 
                                1808018.2951
                            ], 
                            [
                                914861.1203, 
                                1808028.3675
                            ], 
                            [
                                914853.5315, 
                                1808034.3157
                            ], 
                            [
                                914844.3273, 
                                1808044.1911
                            ], 
                            [
                                914835.7659, 
                                1808052.0959
                            ], 
                            [
                                914825.6787, 
                                1808060.7521
                            ], 
                            [
                                914812.6585, 
                                1808070.3333
                            ], 
                            [
                                914797.4081, 
                                1808080.1671
                            ], 
                            [
                                914782.1985, 
                                1808090.1693
                            ], 
                            [
                                914766.4985, 
                                1808100.6301
                            ], 
                            [
                                914751.5765, 
                                1808110.9319
                            ], 
                            [
                                914744.9115, 
                                1808116.3347
                            ], 
                            [
                                914738.6475, 
                                1808122.1621
                            ], 
                            [
                                914730.4661, 
                                1808131.6343
                            ], 
                            [
                                914724.6781, 
                                1808140.1835
                            ], 
                            [
                                914708.6823, 
                                1808166.3559
                            ], 
                            [
                                914691.3425, 
                                1808195.9291
                            ], 
                            [
                                914667.7921, 
                                1808235.0743
                            ], 
                            [
                                914658.2239, 
                                1808250.8817
                            ], 
                            [
                                914646.3407, 
                                1808270.2449
                            ], 
                            [
                                914642.3345, 
                                1808276.9505
                            ], 
                            [
                                914631.0913, 
                                1808292.6895
                            ], 
                            [
                                914624.0021, 
                                1808300.8995
                            ], 
                            [
                                914618.6547, 
                                1808306.1095
                            ], 
                            [
                                914613.3737, 
                                1808310.0695
                            ], 
                            [
                                914606.4713, 
                                1808314.5787
                            ], 
                            [
                                914599.8111, 
                                1808318.2169
                            ], 
                            [
                                914588.0225, 
                                1808323.5711
                            ], 
                            [
                                914565.5975, 
                                1808332.8311
                            ], 
                            [
                                914541.1205, 
                                1808342.7623
                            ], 
                            [
                                914490.9951, 
                                1808363.4387
                            ], 
                            [
                                914472.2455, 
                                1808371.2489
                            ], 
                            [
                                914454.9339, 
                                1808378.8061
                            ], 
                            [
                                914447.7445, 
                                1808383.1017
                            ], 
                            [
                                914441.2831, 
                                1808387.6567
                            ], 
                            [
                                914433.8557, 
                                1808393.5103
                            ], 
                            [
                                914427.6055, 
                                1808399.7025
                            ], 
                            [
                                914417.8617, 
                                1808410.5405
                            ], 
                            [
                                914382.6219, 
                                1808474.2753
                            ], 
                            [
                                914340.0207, 
                                1808554.8577
                            ], 
                            [
                                914294.4169, 
                                1808640.5691
                            ], 
                            [
                                914239.3485, 
                                1808745.1605
                            ], 
                            [
                                914181.0601, 
                                1808854.5649
                            ], 
                            [
                                914122.1453, 
                                1808966.4117
                            ], 
                            [
                                914072.1937, 
                                1809060.1961
                            ], 
                            [
                                914064.3229, 
                                1809075.0761
                            ], 
                            [
                                914003.0631, 
                                1809190.9927
                            ], 
                            [
                                913940.5883, 
                                1809309.3621
                            ], 
                            [
                                913882.3017, 
                                1809419.0905
                            ], 
                            [
                                913871.3101, 
                                1809439.8137
                            ], 
                            [
                                913878.5555, 
                                1809463.3747
                            ], 
                            [
                                913881.3903, 
                                1809472.5991
                            ], 
                            [
                                913877.0285, 
                                1809481.0861
                            ], 
                            [
                                913872.1969, 
                                1809487.2301
                            ], 
                            [
                                913866.3497, 
                                1809489.5435
                            ], 
                            [
                                913841.7103, 
                                1809497.4603
                            ], 
                            [
                                913826.6013, 
                                1809524.7747
                            ], 
                            [
                                913789.7363, 
                                1809594.5261
                            ], 
                            [
                                913755.5369, 
                                1809658.1827
                            ], 
                            [
                                913719.0747, 
                                1809727.9169
                            ], 
                            [
                                913648.1251, 
                                1809861.6803
                            ], 
                            [
                                913599.4965, 
                                1809954.0253
                            ], 
                            [
                                913524.2101, 
                                1810095.8355
                            ], 
                            [
                                913482.6607, 
                                1810174.7103
                            ], 
                            [
                                913445.3333, 
                                1810245.8895
                            ], 
                            [
                                913429.1227, 
                                1810276.5377
                            ], 
                            [
                                913415.8817, 
                                1810301.4523
                            ], 
                            [
                                913411.3359, 
                                1810307.9907
                            ], 
                            [
                                913408.2181, 
                                1810315.9823
                            ], 
                            [
                                913398.7729, 
                                1810333.5465
                            ], 
                            [
                                913348.9675, 
                                1810427.9719
                            ], 
                            [
                                913319.9513, 
                                1810482.8805
                            ], 
                            [
                                913290.2555, 
                                1810538.9583
                            ], 
                            [
                                913250.6021, 
                                1810614.2505
                            ], 
                            [
                                913219.7531, 
                                1810672.9623
                            ], 
                            [
                                913195.2725, 
                                1810718.9463
                            ], 
                            [
                                913157.9949, 
                                1810789.1197
                            ], 
                            [
                                913125.9819, 
                                1810849.8631
                            ], 
                            [
                                913099.6831, 
                                1810899.4043
                            ], 
                            [
                                913071.8747, 
                                1810951.7985
                            ], 
                            [
                                913035.2037, 
                                1811021.5669
                            ], 
                            [
                                913003.9077, 
                                1811080.6161
                            ], 
                            [
                                912972.8879, 
                                1811139.5199
                            ], 
                            [
                                912946.3345, 
                                1811189.6803
                            ], 
                            [
                                912921.0677, 
                                1811237.5127
                            ], 
                            [
                                912889.3257, 
                                1811297.1019
                            ], 
                            [
                                912861.3867, 
                                1811349.9727
                            ], 
                            [
                                912853.3985, 
                                1811365.1231
                            ], 
                            [
                                912855.1989, 
                                1811386.6131
                            ], 
                            [
                                912819.5209, 
                                1811447.7113
                            ], 
                            [
                                912820.4799, 
                                1811454.5371
                            ], 
                            [
                                912820.5041, 
                                1811455.9295
                            ], 
                            [
                                912820.2483, 
                                1811457.3025
                            ], 
                            [
                                912805.6097, 
                                1811482.6181
                            ], 
                            [
                                912804.6131, 
                                1811483.1921
                            ], 
                            [
                                912803.1175, 
                                1811483.1679
                            ], 
                            [
                                912794.0411, 
                                1811479.2519
                            ], 
                            [
                                912793.1925, 
                                1811479.0955
                            ], 
                            [
                                912792.3789, 
                                1811479.1187
                            ], 
                            [
                                912791.7603, 
                                1811479.3697
                            ], 
                            [
                                912789.4805, 
                                1811483.4963
                            ], 
                            [
                                912788.5269, 
                                1811485.2695
                            ], 
                            [
                                912785.4227, 
                                1811489.6803
                            ], 
                            [
                                912778.0315, 
                                1811489.4105
                            ], 
                            [
                                912765.2493, 
                                1811482.9657
                            ], 
                            [
                                912740.7897, 
                                1811528.7705
                            ], 
                            [
                                912746.2715, 
                                1811532.3571
                            ], 
                            [
                                912752.3131, 
                                1811535.5419
                            ], 
                            [
                                912753.7461, 
                                1811536.7821
                            ], 
                            [
                                912757.2457, 
                                1811541.3775
                            ], 
                            [
                                912757.7991, 
                                1811543.4371
                            ], 
                            [
                                912754.1217, 
                                1811553.3689
                            ], 
                            [
                                912759.4703, 
                                1811560.0063
                            ], 
                            [
                                912760.4497, 
                                1811561.8725
                            ], 
                            [
                                912761.0161, 
                                1811564.8947
                            ], 
                            [
                                912760.9999, 
                                1811569.3113
                            ], 
                            [
                                912760.1961, 
                                1811576.4793
                            ], 
                            [
                                912759.3361, 
                                1811583.9623
                            ], 
                            [
                                912759.1309, 
                                1811589.5187
                            ], 
                            [
                                912759.0527, 
                                1811594.1047
                            ], 
                            [
                                912759.4323, 
                                1811599.6859
                            ], 
                            [
                                912761.3193, 
                                1811623.9615
                            ], 
                            [
                                912768.5401, 
                                1811669.0829
                            ], 
                            [
                                912774.2819, 
                                1811699.9485
                            ], 
                            [
                                912781.9895, 
                                1811727.2601
                            ], 
                            [
                                912794.6559, 
                                1811766.6103
                            ], 
                            [
                                912800.1375, 
                                1811780.0157
                            ], 
                            [
                                912811.3743, 
                                1811796.1255
                            ], 
                            [
                                912812.9243, 
                                1811797.5731
                            ], 
                            [
                                912814.6441, 
                                1811799.0117
                            ], 
                            [
                                912838.7421, 
                                1811816.3377
                            ], 
                            [
                                912882.3577, 
                                1811845.4221
                            ], 
                            [
                                913009.3215, 
                                1811929.5593
                            ], 
                            [
                                913116.5505, 
                                1812000.3229
                            ], 
                            [
                                913200.6339, 
                                1812054.4721
                            ], 
                            [
                                913220.8273, 
                                1812069.7229
                            ], 
                            [
                                913303.1193, 
                                1811841.2377
                            ], 
                            [
                                913331.5903, 
                                1811759.2015
                            ]
                        ]
                    ]
                ]
            }, 
            "properties": {
                "bsnm_error_dc": null, 
                "nf_id": "WTR0100000000ZX2F", 
                "obchg_dt": null, 
                "error_dc": null, 
                "obchg_se": "OCS001", 
                "ogc_fid": 46550, 
                "rsreg_dt": null
            }, 
            "type": "Feature", 
            "id": "tn_river_bndry.46550", 
            "geometry_name": "object_gt"
        }
    ]
}