{
    "crs": {
        "type": "name", 
        "properties": {
            "name": "urn:ogc:def:crs:EPSG::5179"
        }
    }, 
    "totalFeatures": 22, 
    "type": "FeatureCollection", 
    "features": [
        {
            "geometry": {
                "type": "MultiLineString", 
                "coordinates": [
                    [
                        [
                            914868.6863, 
                            1808059.4284
                        ], 
                        [
                            914866.9376, 
                            1808057.643
                        ], 
                        [
                            914864.081, 
                            1808060.4409
                        ], 
                        [
                            914865.8296, 
                            1808062.2263
                        ]
                    ]
                ]
            }, 
            "properties": {
                "bsnm_error_dc": null, 
                "wtcorfc_se": "WWF013", 
                "wtcorfc_nm": "이름없음", 
                "nf_id": "WTR050000001LQHAO", 
                "obchg_dt": null, 
                "error_dc": null, 
                "obchg_se": "OCS001", 
                "ogc_fid": 2693710, 
                "rsreg_dt": null
            }, 
            "type": "Feature", 
            "id": "tn_wtcors_fclty.2693710", 
            "geometry_name": "object_gt"
        }, 
        {
            "geometry": {
                "type": "MultiLineString", 
                "coordinates": [
                    [
                        [
                            914862.4351, 
                            1808048.5602
                        ], 
                        [
                            914863.8354, 
                            1808050.6323
                        ], 
                        [
                            914860.518, 
                            1808052.8687
                        ], 
                        [
                            914859.1177, 
                            1808050.7966
                        ]
                    ]
                ]
            }, 
            "properties": {
                "bsnm_error_dc": null, 
                "wtcorfc_se": "WWF013", 
                "wtcorfc_nm": "이름없음", 
                "nf_id": "WTR050000001LQHLZ", 
                "obchg_dt": null, 
                "error_dc": null, 
                "obchg_se": "OCS001", 
                "ogc_fid": 2693721, 
                "rsreg_dt": null
            }, 
            "type": "Feature", 
            "id": "tn_wtcors_fclty.2693721", 
            "geometry_name": "object_gt"
        }, 
        {
            "geometry": {
                "type": "MultiLineString", 
                "coordinates": [
                    [
                        [
                            914867.7359, 
                            1808051.9217
                        ], 
                        [
                            914857.9609, 
                            1808059.8357
                        ], 
                        [
                            914848.6073, 
                            1808068.0615
                        ], 
                        [
                            914806.2033, 
                            1808102.2565
                        ], 
                        [
                            914802.0501, 
                            1808105.6309
                        ], 
                        [
                            914795.1321, 
                            1808111.2169
                        ], 
                        [
                            914784.9409, 
                            1808119.4719
                        ], 
                        [
                            914780.7309, 
                            1808122.8885
                        ], 
                        [
                            914773.2429, 
                            1808129.2023
                        ], 
                        [
                            914771.1011, 
                            1808131.0387
                        ], 
                        [
                            914768.7459, 
                            1808133.1863
                        ], 
                        [
                            914765.7749, 
                            1808135.8847
                        ], 
                        [
                            914758.0815, 
                            1808142.8791
                        ], 
                        [
                            914754.6519, 
                            1808146.6287
                        ], 
                        [
                            914748.0063, 
                            1808153.8737
                        ], 
                        [
                            914743.1691, 
                            1808160.8985
                        ], 
                        [
                            914739.8035, 
                            1808165.8023
                        ], 
                        [
                            914737.1689, 
                            1808170.3545
                        ], 
                        [
                            914732.2357, 
                            1808178.9103
                        ], 
                        [
                            914728.1359, 
                            1808186.0551
                        ], 
                        [
                            914726.4097, 
                            1808189.0141
                        ], 
                        [
                            914721.4725, 
                            1808197.5869
                        ], 
                        [
                            914712.4671, 
                            1808213.2265
                        ], 
                        [
                            914710.5213, 
                            1808216.6155
                        ], 
                        [
                            914709.3175, 
                            1808218.7181
                        ], 
                        [
                            914708.3209, 
                            1808220.4625
                        ], 
                        [
                            914704.8935, 
                            1808226.7523
                        ], 
                        [
                            914700.5365, 
                            1808234.8213
                        ], 
                        [
                            914695.5349, 
                            1808244.0791
                        ], 
                        [
                            914687.7677, 
                            1808258.4607
                        ], 
                        [
                            914682.2293, 
                            1808268.7181
                        ], 
                        [
                            914678.8453, 
                            1808273.9219
                        ], 
                        [
                            914668.3747, 
                            1808290.0059
                        ], 
                        [
                            914668.3321, 
                            1808290.0771
                        ], 
                        [
                            914667.1379, 
                            1808292.0975
                        ], 
                        [
                            914666.0755, 
                            1808293.9085
                        ], 
                        [
                            914664.6037, 
                            1808296.3453
                        ], 
                        [
                            914661.8139, 
                            1808301.0811
                        ], 
                        [
                            914656.4419, 
                            1808309.8201
                        ], 
                        [
                            914650.6745, 
                            1808318.8991
                        ]
                    ]
                ]
            }, 
            "properties": {
                "bsnm_error_dc": null, 
                "wtcorfc_se": "WWF001", 
                "wtcorfc_nm": "이름없음", 
                "nf_id": "WTR050000001MDZ2M", 
                "obchg_dt": null, 
                "error_dc": null, 
                "obchg_se": "OCS001", 
                "ogc_fid": 2724158, 
                "rsreg_dt": null
            }, 
            "type": "Feature", 
            "id": "tn_wtcors_fclty.2724158", 
            "geometry_name": "object_gt"
        }, 
        {
            "geometry": {
                "type": "MultiLineString", 
                "coordinates": [
                    [
                        [
                            913879.1715, 
                            1809467.0785
                        ], 
                        [
                            913882.5127, 
                            1809461.2959
                        ], 
                        [
                            913958.3331, 
                            1809319.1273
                        ], 
                        [
                            914095.9303, 
                            1809064.2901
                        ], 
                        [
                            914098.2921, 
                            1809059.9363
                        ], 
                        [
                            914112.8289, 
                            1809033.1327
                        ], 
                        [
                            914148.9995, 
                            1808965.9411
                        ], 
                        [
                            914178.0503, 
                            1808911.5373
                        ], 
                        [
                            914212.0737, 
                            1808846.5281
                        ], 
                        [
                            914253.0007, 
                            1808771.0217
                        ], 
                        [
                            914283.4543, 
                            1808713.3587
                        ], 
                        [
                            914308.2091, 
                            1808666.8205
                        ], 
                        [
                            914335.8083, 
                            1808612.6091
                        ], 
                        [
                            914371.5053, 
                            1808546.8437
                        ], 
                        [
                            914399.9313, 
                            1808495.1333
                        ], 
                        [
                            914426.1635, 
                            1808445.2855
                        ], 
                        [
                            914447.7297, 
                            1808410.0823
                        ], 
                        [
                            914462.0305, 
                            1808390.7775
                        ], 
                        [
                            914483.1627, 
                            1808374.8765
                        ], 
                        [
                            914536.1911, 
                            1808353.2235
                        ], 
                        [
                            914601.9527, 
                            1808326.7961
                        ], 
                        [
                            914624.7743, 
                            1808312.8157
                        ], 
                        [
                            914637.0825, 
                            1808298.6927
                        ], 
                        [
                            914652.0041, 
                            1808275.9009
                        ], 
                        [
                            914667.9165, 
                            1808247.7477
                        ], 
                        [
                            914669.4763, 
                            1808245.4653
                        ], 
                        [
                            914690.8227, 
                            1808212.7643
                        ], 
                        [
                            914706.9861, 
                            1808182.6675
                        ], 
                        [
                            914721.3467, 
                            1808157.7243
                        ], 
                        [
                            914732.9425, 
                            1808139.4281
                        ], 
                        [
                            914739.9671, 
                            1808132.0273
                        ], 
                        [
                            914760.0619, 
                            1808113.2883
                        ], 
                        [
                            914784.2853, 
                            1808095.8837
                        ], 
                        [
                            914809.5087, 
                            1808077.1645
                        ], 
                        [
                            914837.2179, 
                            1808054.7025
                        ], 
                        [
                            914855.1707, 
                            1808040.4743
                        ], 
                        [
                            914857.0305, 
                            1808038.6083
                        ], 
                        [
                            914853.3541, 
                            1808034.2337
                        ]
                    ]
                ]
            }, 
            "properties": {
                "bsnm_error_dc": null, 
                "wtcorfc_se": "WWF002", 
                "wtcorfc_nm": "이름없음", 
                "nf_id": "WTR050000001MDZ3N", 
                "obchg_dt": null, 
                "error_dc": null, 
                "obchg_se": "OCS001", 
                "ogc_fid": 2724159, 
                "rsreg_dt": null
            }, 
            "type": "Feature", 
            "id": "tn_wtcors_fclty.2724159", 
            "geometry_name": "object_gt"
        }, 
        {
            "geometry": {
                "type": "MultiLineString", 
                "coordinates": [
                    [
                        [
                            913879.1715, 
                            1809467.0785
                        ], 
                        [
                            913870.9785, 
                            1809440.4391
                        ], 
                        [
                            913882.3017, 
                            1809419.0903
                        ], 
                        [
                            913940.5883, 
                            1809309.3621
                        ], 
                        [
                            914003.0631, 
                            1809190.9927
                        ], 
                        [
                            914064.3229, 
                            1809075.0759
                        ], 
                        [
                            914072.1937, 
                            1809060.1961
                        ], 
                        [
                            914126.6465, 
                            1808957.2263
                        ], 
                        [
                            914186.0547, 
                            1808844.5651
                        ], 
                        [
                            914222.4825, 
                            1808775.8887
                        ], 
                        [
                            914269.2727, 
                            1808687.9839
                        ], 
                        [
                            914299.5077, 
                            1808630.0011
                        ], 
                        [
                            914336.1517, 
                            1808561.4027
                        ], 
                        [
                            914368.6103, 
                            1808500.0165
                        ], 
                        [
                            914396.8555, 
                            1808446.3995
                        ], 
                        [
                            914405.4381, 
                            1808430.0043
                        ], 
                        [
                            914409.7787, 
                            1808422.6573
                        ], 
                        [
                            914414.3873, 
                            1808415.3129
                        ], 
                        [
                            914417.8431, 
                            1808410.4455
                        ], 
                        [
                            914423.0075, 
                            1808404.6267
                        ], 
                        [
                            914428.2661, 
                            1808398.8673
                        ], 
                        [
                            914433.4407, 
                            1808393.8943
                        ], 
                        [
                            914437.8805, 
                            1808390.0655
                        ], 
                        [
                            914442.4441, 
                            1808386.5891
                        ], 
                        [
                            914448.2471, 
                            1808382.6883
                        ], 
                        [
                            914455.0661, 
                            1808378.6293
                        ], 
                        [
                            914463.0153, 
                            1808375.1065
                        ], 
                        [
                            914474.5371, 
                            1808370.1585
                        ], 
                        [
                            914515.0137, 
                            1808353.4067
                        ], 
                        [
                            914552.4835, 
                            1808338.0381
                        ], 
                        [
                            914574.8791, 
                            1808328.8693
                        ], 
                        [
                            914589.3543, 
                            1808322.8275
                        ], 
                        [
                            914599.4551, 
                            1808318.1889
                        ], 
                        [
                            914606.7415, 
                            1808314.2535
                        ], 
                        [
                            914613.2669, 
                            1808310.0911
                        ], 
                        [
                            914618.7795, 
                            1808305.8949
                        ], 
                        [
                            914623.9845, 
                            1808300.8127
                        ], 
                        [
                            914631.0633, 
                            1808292.6597
                        ], 
                        [
                            914642.3163, 
                            1808276.8855
                        ], 
                        [
                            914667.0687, 
                            1808236.2837
                        ], 
                        [
                            914667.7931, 
                            1808235.0743
                        ], 
                        [
                            914694.0315, 
                            1808191.2457
                        ], 
                        [
                            914715.6491, 
                            1808154.3527
                        ], 
                        [
                            914726.2861, 
                            1808137.4011
                        ], 
                        [
                            914730.4261, 
                            1808131.6197
                        ], 
                        [
                            914734.1597, 
                            1808127.1277
                        ], 
                        [
                            914738.6891, 
                            1808122.0589
                        ], 
                        [
                            914745.3201, 
                            1808115.8927
                        ], 
                        [
                            914751.1083, 
                            1808111.2563
                        ], 
                        [
                            914759.9331, 
                            1808104.9957
                        ], 
                        [
                            914784.0357, 
                            1808088.9513
                        ], 
                        [
                            914813.5389, 
                            1808069.4951
                        ], 
                        [
                            914825.8753, 
                            1808060.4873
                        ], 
                        [
                            914834.9375, 
                            1808052.7269
                        ], 
                        [
                            914845.6437, 
                            1808042.6139
                        ], 
                        [
                            914850.2885, 
                            1808037.8253
                        ], 
                        [
                            914853.3541, 
                            1808034.2337
                        ]
                    ]
                ]
            }, 
            "properties": {
                "bsnm_error_dc": null, 
                "wtcorfc_se": "WWF001", 
                "wtcorfc_nm": "이름없음", 
                "nf_id": "WTR050000001MDZ4O", 
                "obchg_dt": null, 
                "error_dc": null, 
                "obchg_se": "OCS001", 
                "ogc_fid": 2724160, 
                "rsreg_dt": null
            }, 
            "type": "Feature", 
            "id": "tn_wtcors_fclty.2724160", 
            "geometry_name": "object_gt"
        }, 
        {
            "geometry": {
                "type": "MultiLineString", 
                "coordinates": [
                    [
                        [
                            914987.2599, 
                            1808015.9129
                        ], 
                        [
                            914963.9717, 
                            1808014.8015
                        ], 
                        [
                            914913.7197, 
                            1808016.9775
                        ], 
                        [
                            914895.5235, 
                            1808020.6283
                        ], 
                        [
                            914885.1425, 
                            1808026.0181
                        ], 
                        [
                            914872.3289, 
                            1808043.3187
                        ]
                    ]
                ]
            }, 
            "properties": {
                "bsnm_error_dc": null, 
                "wtcorfc_se": "WWF001", 
                "wtcorfc_nm": "이름없음", 
                "nf_id": "WTR050000001MEN3C", 
                "obchg_dt": null, 
                "error_dc": null, 
                "obchg_se": "OCS001", 
                "ogc_fid": 2725023, 
                "rsreg_dt": null
            }, 
            "type": "Feature", 
            "id": "tn_wtcors_fclty.2725023", 
            "geometry_name": "object_gt"
        }, 
        {
            "geometry": {
                "type": "MultiLineString", 
                "coordinates": [
                    [
                        [
                            914861.0549, 
                            1808028.2917
                        ], 
                        [
                            914872.7601, 
                            1808018.2135
                        ], 
                        [
                            914875.8849, 
                            1808016.3939
                        ], 
                        [
                            914882.6499, 
                            1808012.5773
                        ], 
                        [
                            914887.8963, 
                            1808010.2519
                        ], 
                        [
                            914892.0435, 
                            1808008.9949
                        ], 
                        [
                            914896.6265, 
                            1808007.9455
                        ], 
                        [
                            914912.3229, 
                            1808005.3063
                        ], 
                        [
                            914945.4373, 
                            1808000.4319
                        ], 
                        [
                            914961.1467, 
                            1807998.9761
                        ], 
                        [
                            914971.4125, 
                            1807998.9751
                        ], 
                        [
                            914976.3807, 
                            1807999.3025
                        ], 
                        [
                            914983.2335, 
                            1808000.0937
                        ], 
                        [
                            914989.0793, 
                            1808001.0003
                        ], 
                        [
                            914997.2349, 
                            1808002.3677
                        ], 
                        [
                            914999.2969, 
                            1808002.8819
                        ], 
                        [
                            915014.3067, 
                            1808008.0387
                        ]
                    ]
                ]
            }, 
            "properties": {
                "bsnm_error_dc": null, 
                "wtcorfc_se": "WWF001", 
                "wtcorfc_nm": "이름없음", 
                "nf_id": "WTR050000001MEN4D", 
                "obchg_dt": null, 
                "error_dc": null, 
                "obchg_se": "OCS001", 
                "ogc_fid": 2725024, 
                "rsreg_dt": null
            }, 
            "type": "Feature", 
            "id": "tn_wtcors_fclty.2725024", 
            "geometry_name": "object_gt"
        }, 
        {
            "geometry": {
                "type": "MultiLineString", 
                "coordinates": [
                    [
                        [
                            914629.9556, 
                            1807370.1459
                        ], 
                        [
                            914631.3558, 
                            1807372.218
                        ], 
                        [
                            914628.0485, 
                            1807374.4644
                        ], 
                        [
                            914626.6482, 
                            1807372.3923
                        ]
                    ]
                ]
            }, 
            "properties": {
                "bsnm_error_dc": null, 
                "wtcorfc_se": "WWF013", 
                "wtcorfc_nm": "이름없음", 
                "nf_id": "WTR050000001LQ7OS", 
                "obchg_dt": null, 
                "error_dc": null, 
                "obchg_se": "OCS001", 
                "ogc_fid": 2693364, 
                "rsreg_dt": null
            }, 
            "type": "Feature", 
            "id": "tn_wtcors_fclty.2693364", 
            "geometry_name": "object_gt"
        }, 
        {
            "geometry": {
                "type": "MultiLineString", 
                "coordinates": [
                    [
                        [
                            914632.847, 
                            1807381.4424
                        ], 
                        [
                            914631.5563, 
                            1807379.2998
                        ], 
                        [
                            914634.9846, 
                            1807377.2327
                        ], 
                        [
                            914636.2752, 
                            1807379.3754
                        ]
                    ]
                ]
            }, 
            "properties": {
                "bsnm_error_dc": null, 
                "wtcorfc_se": "WWF013", 
                "wtcorfc_nm": "이름없음", 
                "nf_id": "WTR050000001LQ7QU", 
                "obchg_dt": null, 
                "error_dc": null, 
                "obchg_se": "OCS001", 
                "ogc_fid": 2693366, 
                "rsreg_dt": null
            }, 
            "type": "Feature", 
            "id": "tn_wtcors_fclty.2693366", 
            "geometry_name": "object_gt"
        }, 
        {
            "geometry": {
                "type": "MultiLineString", 
                "coordinates": [
                    [
                        [
                            914664.4976, 
                            1807598.6611
                        ], 
                        [
                            914664.6784, 
                            1807599.9767
                        ], 
                        [
                            914662.5735, 
                            1807600.2655
                        ], 
                        [
                            914662.3928, 
                            1807598.9499
                        ]
                    ]
                ]
            }, 
            "properties": {
                "bsnm_error_dc": null, 
                "wtcorfc_se": "WWF013", 
                "wtcorfc_nm": "이름없음", 
                "nf_id": "WTR050000001LQ9BH", 
                "obchg_dt": null, 
                "error_dc": null, 
                "obchg_se": "OCS001", 
                "ogc_fid": 2693423, 
                "rsreg_dt": null
            }, 
            "type": "Feature", 
            "id": "tn_wtcors_fclty.2693423", 
            "geometry_name": "object_gt"
        }, 
        {
            "geometry": {
                "type": "MultiLineString", 
                "coordinates": [
                    [
                        [
                            914739.0159, 
                            1807716.7788
                        ], 
                        [
                            914739.788, 
                            1807719.1561
                        ], 
                        [
                            914743.5914, 
                            1807717.9208
                        ], 
                        [
                            914742.8193, 
                            1807715.5446
                        ]
                    ]
                ]
            }, 
            "properties": {
                "bsnm_error_dc": null, 
                "wtcorfc_se": "WWF013", 
                "wtcorfc_nm": "이름없음", 
                "nf_id": "WTR050000001LQHBP", 
                "obchg_dt": null, 
                "error_dc": null, 
                "obchg_se": "OCS001", 
                "ogc_fid": 2693711, 
                "rsreg_dt": null
            }, 
            "type": "Feature", 
            "id": "tn_wtcors_fclty.2693711", 
            "geometry_name": "object_gt"
        }, 
        {
            "geometry": {
                "type": "MultiLineString", 
                "coordinates": [
                    [
                        [
                            914732.7588, 
                            1807692.3659
                        ], 
                        [
                            914731.524, 
                            1807690.1929
                        ], 
                        [
                            914728.0473, 
                            1807692.1683
                        ], 
                        [
                            914729.2821, 
                            1807694.3412
                        ]
                    ]
                ]
            }, 
            "properties": {
                "bsnm_error_dc": null, 
                "wtcorfc_se": "WWF013", 
                "wtcorfc_nm": "이름없음", 
                "nf_id": "WTR050000001LQHCQ", 
                "obchg_dt": null, 
                "error_dc": null, 
                "obchg_se": "OCS001", 
                "ogc_fid": 2693712, 
                "rsreg_dt": null
            }, 
            "type": "Feature", 
            "id": "tn_wtcors_fclty.2693712", 
            "geometry_name": "object_gt"
        }, 
        {
            "geometry": {
                "type": "MultiLineString", 
                "coordinates": [
                    [
                        [
                            914700.1787, 
                            1807727.513
                        ], 
                        [
                            914701.0714, 
                            1807729.8476
                        ], 
                        [
                            914704.8059, 
                            1807728.4198
                        ], 
                        [
                            914703.9141, 
                            1807726.0851
                        ]
                    ]
                ]
            }, 
            "properties": {
                "bsnm_error_dc": null, 
                "wtcorfc_se": "WWF013", 
                "wtcorfc_nm": "이름없음", 
                "nf_id": "WTR050000001LQHDR", 
                "obchg_dt": null, 
                "error_dc": null, 
                "obchg_se": "OCS001", 
                "ogc_fid": 2693713, 
                "rsreg_dt": null
            }, 
            "type": "Feature", 
            "id": "tn_wtcors_fclty.2693713", 
            "geometry_name": "object_gt"
        }, 
        {
            "geometry": {
                "type": "MultiLineString", 
                "coordinates": [
                    [
                        [
                            914713.5032, 
                            1807686.992
                        ], 
                        [
                            914714.2096, 
                            1807684.5941
                        ], 
                        [
                            914710.373, 
                            1807683.4653
                        ], 
                        [
                            914709.6676, 
                            1807685.8622
                        ]
                    ]
                ]
            }, 
            "properties": {
                "bsnm_error_dc": null, 
                "wtcorfc_se": "WWF013", 
                "wtcorfc_nm": "이름없음", 
                "nf_id": "WTR050000001LQHES", 
                "obchg_dt": null, 
                "error_dc": null, 
                "obchg_se": "OCS001", 
                "ogc_fid": 2693714, 
                "rsreg_dt": null
            }, 
            "type": "Feature", 
            "id": "tn_wtcors_fclty.2693714", 
            "geometry_name": "object_gt"
        }, 
        {
            "geometry": {
                "type": "MultiLineString", 
                "coordinates": [
                    [
                        [
                            914791.4613, 
                            1807703.4252
                        ], 
                        [
                            914792.5714, 
                            1807701.1822
                        ], 
                        [
                            914796.1534, 
                            1807702.9481
                        ], 
                        [
                            914795.0533, 
                            1807705.1891
                        ]
                    ]
                ]
            }, 
            "properties": {
                "bsnm_error_dc": null, 
                "wtcorfc_se": "WWF013", 
                "wtcorfc_nm": "이름없음", 
                "nf_id": "WTR050000001LQHHV", 
                "obchg_dt": null, 
                "error_dc": null, 
                "obchg_se": "OCS001", 
                "ogc_fid": 2693717, 
                "rsreg_dt": null
            }, 
            "type": "Feature", 
            "id": "tn_wtcors_fclty.2693717", 
            "geometry_name": "object_gt"
        }, 
        {
            "geometry": {
                "type": "MultiLineString", 
                "coordinates": [
                    [
                        [
                            914831.8196, 
                            1807672.6446
                        ], 
                        [
                            914832.9276, 
                            1807670.3996
                        ], 
                        [
                            914836.5156, 
                            1807672.1705
                        ], 
                        [
                            914835.4076, 
                            1807674.4155
                        ]
                    ]
                ]
            }, 
            "properties": {
                "bsnm_error_dc": null, 
                "wtcorfc_se": "WWF013", 
                "wtcorfc_nm": "이름없음", 
                "nf_id": "WTR050000001LQHT7", 
                "obchg_dt": null, 
                "error_dc": null, 
                "obchg_se": "OCS001", 
                "ogc_fid": 2693729, 
                "rsreg_dt": null
            }, 
            "type": "Feature", 
            "id": "tn_wtcors_fclty.2693729", 
            "geometry_name": "object_gt"
        }, 
        {
            "geometry": {
                "type": "MultiLineString", 
                "coordinates": [
                    [
                        [
                            914840.3457, 
                            1807665.057
                        ], 
                        [
                            914839.1574, 
                            1807667.2524
                        ], 
                        [
                            914835.6386, 
                            1807665.3412
                        ], 
                        [
                            914836.8369, 
                            1807663.1457
                        ]
                    ]
                ]
            }, 
            "properties": {
                "bsnm_error_dc": null, 
                "wtcorfc_se": "WWF013", 
                "wtcorfc_nm": "이름없음", 
                "nf_id": "WTR050000001LQHU8", 
                "obchg_dt": null, 
                "error_dc": null, 
                "obchg_se": "OCS001", 
                "ogc_fid": 2693730, 
                "rsreg_dt": null
            }, 
            "type": "Feature", 
            "id": "tn_wtcors_fclty.2693730", 
            "geometry_name": "object_gt"
        }, 
        {
            "geometry": {
                "type": "MultiLineString", 
                "coordinates": [
                    [
                        [
                            914815.4016, 
                            1807690.8176
                        ], 
                        [
                            914813.5408, 
                            1807692.4787
                        ], 
                        [
                            914810.8802, 
                            1807689.4914
                        ], 
                        [
                            914812.741, 
                            1807687.8293
                        ]
                    ]
                ]
            }, 
            "properties": {
                "bsnm_error_dc": null, 
                "wtcorfc_se": "WWF013", 
                "wtcorfc_nm": "이름없음", 
                "nf_id": "WTR050000001LQHV9", 
                "obchg_dt": null, 
                "error_dc": null, 
                "obchg_se": "OCS001", 
                "ogc_fid": 2693731, 
                "rsreg_dt": null
            }, 
            "type": "Feature", 
            "id": "tn_wtcors_fclty.2693731", 
            "geometry_name": "object_gt"
        }, 
        {
            "geometry": {
                "type": "MultiLineString", 
                "coordinates": [
                    [
                        [
                            914869.3627, 
                            1807587.6407
                        ], 
                        [
                            914870.3405, 
                            1807585.3364
                        ], 
                        [
                            914874.0174, 
                            1807586.8969
                        ], 
                        [
                            914873.0496, 
                            1807589.2012
                        ]
                    ]
                ]
            }, 
            "properties": {
                "bsnm_error_dc": null, 
                "wtcorfc_se": "WWF013", 
                "wtcorfc_nm": "이름없음", 
                "nf_id": "WTR050000001LQI2H", 
                "obchg_dt": null, 
                "error_dc": null, 
                "obchg_se": "OCS001", 
                "ogc_fid": 2693738, 
                "rsreg_dt": null
            }, 
            "type": "Feature", 
            "id": "tn_wtcors_fclty.2693738", 
            "geometry_name": "object_gt"
        }, 
        {
            "geometry": {
                "type": "MultiLineString", 
                "coordinates": [
                    [
                        [
                            914879.9335, 
                            1807573.7245
                        ], 
                        [
                            914878.9557, 
                            1807576.0288
                        ], 
                        [
                            914875.2788, 
                            1807574.4683
                        ], 
                        [
                            914876.2467, 
                            1807572.1741
                        ]
                    ]
                ]
            }, 
            "properties": {
                "bsnm_error_dc": null, 
                "wtcorfc_se": "WWF013", 
                "wtcorfc_nm": "이름없음", 
                "nf_id": "WTR050000001LQI3I", 
                "obchg_dt": null, 
                "error_dc": null, 
                "obchg_se": "OCS001", 
                "ogc_fid": 2693739, 
                "rsreg_dt": null
            }, 
            "type": "Feature", 
            "id": "tn_wtcors_fclty.2693739", 
            "geometry_name": "object_gt"
        }, 
        {
            "geometry": {
                "type": "MultiLineString", 
                "coordinates": [
                    [
                        [
                            914903.5914, 
                            1807750.8041
                        ], 
                        [
                            914905.7274, 
                            1807752.1017
                        ], 
                        [
                            914907.8041, 
                            1807748.6851
                        ], 
                        [
                            914905.6691, 
                            1807747.3865
                        ]
                    ]
                ]
            }, 
            "properties": {
                "bsnm_error_dc": null, 
                "wtcorfc_se": "WWF013", 
                "wtcorfc_nm": "이름없음", 
                "nf_id": "WTR050000001LQIM1", 
                "obchg_dt": null, 
                "error_dc": null, 
                "obchg_se": "OCS001", 
                "ogc_fid": 2693758, 
                "rsreg_dt": null
            }, 
            "type": "Feature", 
            "id": "tn_wtcors_fclty.2693758", 
            "geometry_name": "object_gt"
        }, 
        {
            "geometry": {
                "type": "MultiLineString", 
                "coordinates": [
                    [
                        [
                            914752.5855, 
                            1807718.2982
                        ], 
                        [
                            914750.0864, 
                            1807718.3211
                        ], 
                        [
                            914750.124, 
                            1807722.3197
                        ], 
                        [
                            914752.6231, 
                            1807722.2968
                        ]
                    ]
                ]
            }, 
            "properties": {
                "bsnm_error_dc": null, 
                "wtcorfc_se": "WWF013", 
                "wtcorfc_nm": "이름없음", 
                "nf_id": "WTR050000001LQIN2", 
                "obchg_dt": null, 
                "error_dc": null, 
                "obchg_se": "OCS001", 
                "ogc_fid": 2693759, 
                "rsreg_dt": null
            }, 
            "type": "Feature", 
            "id": "tn_wtcors_fclty.2693759", 
            "geometry_name": "object_gt"
        }
    ]
}